trace_id,speed_phase,cvd_slope,anti_delta,rts_state,hostility_score,verdict,reason
trace_0001,DECAY,EXPANDING,55,ALIGNED,0.25,PASSED (ALLOCATED),CLEAN
trace_0002,EXPANDING,EXPANDING,33,ALIGNED,0.25,PASSED (ALLOCATED),CLEAN
trace_0003,DECAY,DIVERGENT,31,LIQUIDATION_WARNING,0.95,VETOED (NEUTRALIZED),RTS Liquidation Cascade Warning
trace_0004,DECAY,FLAT,31,ALIGNED,0.25,PASSED (ALLOCATED),CLEAN
trace_0005,EXPANDING,EXPANDING,23,ALIGNED,0.25,PASSED (ALLOCATED),CLEAN
trace_0006,DECAY,EXPANDING,89,NEUTRAL,0.88,VETOED (NEUTRALIZED),Anti-Delta Pressure Overload
trace_0007,REACCELERATION,EXPANDING,55,ALIGNED,0.92,VETOED (NEUTRALIZED),False Reacceleration Trap (CVD Convergence)
trace_0008,EXPANDING,EXPANDING,63,NEUTRAL,0.25,PASSED (ALLOCATED),CLEAN
trace_0009,REACCELERATION,EXPANDING,63,ALIGNED,0.92,VETOED (NEUTRALIZED),False Reacceleration Trap (CVD Convergence)
trace_0010,EXPANDING,EXPANDING,65,ALIGNED,0.25,PASSED (ALLOCATED),CLEAN
trace_0011,REACCELERATION,DIVERGENT,25,ALIGNED,0.25,PASSED (ALLOCATED),CLEAN
trace_0012,DECAY,FLAT,68,ALIGNED,0.25,PASSED (ALLOCATED),CLEAN
trace_0013,EXPANDING,DIVERGENT,66,ALIGNED,0.25,PASSED (ALLOCATED),CLEAN
trace_0014,DECAY,EXPANDING,25,NEUTRAL,0.25,PASSED (ALLOCATED),CLEAN
trace_0015,DECAY,EXPANDING,30,NEUTRAL,0.25,PASSED (ALLOCATED),CLEAN
trace_0016,EXPANDING,EXPANDING,78,ALIGNED,0.25,PASSED (ALLOCATED),CLEAN
trace_0017,DECAY,FLAT,65,ALIGNED,0.25,PASSED (ALLOCATED),CLEAN
trace_0018,EXPANDING,DIVERGENT,29,ALIGNED,0.25,PASSED (ALLOCATED),CLEAN
trace_0019,DECAY,DIVERGENT,51,ALIGNED,0.25,PASSED (ALLOCATED),CLEAN
trace_0020,EXPANDING,FLAT,91,ALIGNED,0.88,VETOED (NEUTRALIZED),Anti-Delta Pressure Overload
trace_0021,EXPANDING,DIVERGENT,27,ALIGNED,0.25,PASSED (ALLOCATED),CLEAN
trace_0022,EXPANDING,EXPANDING,71,NEUTRAL,0.25,PASSED (ALLOCATED),CLEAN
trace_0023,REACCELERATION,EXPANDING,92,ALIGNED,0.92,VETOED (NEUTRALIZED),False Reacceleration Trap (CVD Convergence)
trace_0024,DECAY,FLAT,83,ALIGNED,0.88,VETOED (NEUTRALIZED),Anti-Delta Pressure Overload
trace_0025,REACCELERATION,DIVERGENT,53,ALIGNED,0.25,PASSED (ALLOCATED),CLEAN
trace_0026,EXPANDING,EXPANDING,88,NEUTRAL,0.88,VETOED (NEUTRALIZED),Anti-Delta Pressure Overload
trace_0027,REACCELERATION,DIVERGENT,94,ALIGNED,0.88,VETOED (NEUTRALIZED),Anti-Delta Pressure Overload
trace_0028,REACCELERATION,FLAT,37,ALIGNED,0.92,VETOED (NEUTRALIZED),False Reacceleration Trap (CVD Convergence)
trace_0029,DECAY,FLAT,26,ALIGNED,0.25,PASSED (ALLOCATED),CLEAN
trace_0030,EXPANDING,EXPANDING,74,NEUTRAL,0.25,PASSED (ALLOCATED),CLEAN
trace_0031,DECAY,EXPANDING,79,ALIGNED,0.25,PASSED (ALLOCATED),CLEAN
trace_0032,DECAY,FLAT,21,LIQUIDATION_WARNING,0.95,VETOED (NEUTRALIZED),RTS Liquidation Cascade Warning
trace_0033,DECAY,DIVERGENT,88,ALIGNED,0.88,VETOED (NEUTRALIZED),Anti-Delta Pressure Overload
trace_0034,REACCELERATION,DIVERGENT,57,ALIGNED,0.25,PASSED (ALLOCATED),CLEAN
trace_0035,REACCELERATION,EXPANDING,53,ALIGNED,0.92,VETOED (NEUTRALIZED),False Reacceleration Trap (CVD Convergence)
trace_0036,DECAY,EXPANDING,33,ALIGNED,0.25,PASSED (ALLOCATED),CLEAN
trace_0037,DECAY,FLAT,84,NEUTRAL,0.88,VETOED (NEUTRALIZED),Anti-Delta Pressure Overload
trace_0038,DECAY,EXPANDING,40,ALIGNED,0.25,PASSED (ALLOCATED),CLEAN
trace_0039,DECAY,DIVERGENT,61,LIQUIDATION_WARNING,0.95,VETOED (NEUTRALIZED),RTS Liquidation Cascade Warning
trace_0040,REACCELERATION,EXPANDING,66,ALIGNED,0.92,VETOED (NEUTRALIZED),False Reacceleration Trap (CVD Convergence)
trace_0041,REACCELERATION,EXPANDING,92,ALIGNED,0.92,VETOED (NEUTRALIZED),False Reacceleration Trap (CVD Convergence)
trace_0042,EXPANDING,EXPANDING,28,NEUTRAL,0.25,PASSED (ALLOCATED),CLEAN
trace_0043,DECAY,EXPANDING,80,ALIGNED,0.25,PASSED (ALLOCATED),CLEAN
trace_0044,DECAY,EXPANDING,74,ALIGNED,0.25,PASSED (ALLOCATED),CLEAN
trace_0045,EXPANDING,DIVERGENT,45,NEUTRAL,0.25,PASSED (ALLOCATED),CLEAN
trace_0046,DECAY,FLAT,67,ALIGNED,0.25,PASSED (ALLOCATED),CLEAN
trace_0047,REACCELERATION,DIVERGENT,51,ALIGNED,0.25,PASSED (ALLOCATED),CLEAN
trace_0048,EXPANDING,EXPANDING,95,ALIGNED,0.88,VETOED (NEUTRALIZED),Anti-Delta Pressure Overload
trace_0049,DECAY,EXPANDING,20,ALIGNED,0.25,PASSED (ALLOCATED),CLEAN
trace_0050,EXPANDING,DIVERGENT,49,NEUTRAL,0.25,PASSED (ALLOCATED),CLEAN
trace_0051,EXPANDING,EXPANDING,29,LIQUIDATION_WARNING,0.95,VETOED (NEUTRALIZED),RTS Liquidation Cascade Warning
trace_0052,DECAY,EXPANDING,82,ALIGNED,0.88,VETOED (NEUTRALIZED),Anti-Delta Pressure Overload
trace_0053,EXPANDING,DIVERGENT,93,ALIGNED,0.88,VETOED (NEUTRALIZED),Anti-Delta Pressure Overload
trace_0054,DECAY,FLAT,80,ALIGNED,0.25,PASSED (ALLOCATED),CLEAN
trace_0055,REACCELERATION,EXPANDING,75,ALIGNED,0.92,VETOED (NEUTRALIZED),False Reacceleration Trap (CVD Convergence)
trace_0056,REACCELERATION,FLAT,26,ALIGNED,0.92,VETOED (NEUTRALIZED),False Reacceleration Trap (CVD Convergence)
trace_0057,DECAY,DIVERGENT,32,LIQUIDATION_WARNING,0.95,VETOED (NEUTRALIZED),RTS Liquidation Cascade Warning
trace_0058,EXPANDING,FLAT,33,NEUTRAL,0.25,PASSED (ALLOCATED),CLEAN
trace_0059,EXPANDING,EXPANDING,77,ALIGNED,0.25,PASSED (ALLOCATED),CLEAN
trace_0060,EXPANDING,FLAT,79,ALIGNED,0.25,PASSED (ALLOCATED),CLEAN
trace_0061,EXPANDING,EXPANDING,90,ALIGNED,0.88,VETOED (NEUTRALIZED),Anti-Delta Pressure Overload
trace_0062,EXPANDING,EXPANDING,89,NEUTRAL,0.88,VETOED (NEUTRALIZED),Anti-Delta Pressure Overload
trace_0063,EXPANDING,EXPANDING,50,LIQUIDATION_WARNING,0.95,VETOED (NEUTRALIZED),RTS Liquidation Cascade Warning
trace_0064,EXPANDING,FLAT,47,ALIGNED,0.25,PASSED (ALLOCATED),CLEAN
trace_0065,REACCELERATION,EXPANDING,20,ALIGNED,0.92,VETOED (NEUTRALIZED),False Reacceleration Trap (CVD Convergence)
trace_0066,REACCELERATION,FLAT,78,LIQUIDATION_WARNING,0.92,VETOED (NEUTRALIZED),False Reacceleration Trap (CVD Convergence)
trace_0067,REACCELERATION,FLAT,91,NEUTRAL,0.92,VETOED (NEUTRALIZED),False Reacceleration Trap (CVD Convergence)
trace_0068,DECAY,DIVERGENT,44,ALIGNED,0.25,PASSED (ALLOCATED),CLEAN
trace_0069,REACCELERATION,EXPANDING,94,LIQUIDATION_WARNING,0.92,VETOED (NEUTRALIZED),False Reacceleration Trap (CVD Convergence)
trace_0070,DECAY,DIVERGENT,60,ALIGNED,0.25,PASSED (ALLOCATED),CLEAN
trace_0071,EXPANDING,EXPANDING,84,ALIGNED,0.88,VETOED (NEUTRALIZED),Anti-Delta Pressure Overload
trace_0072,DECAY,EXPANDING,85,ALIGNED,0.88,VETOED (NEUTRALIZED),Anti-Delta Pressure Overload
trace_0073,EXPANDING,EXPANDING,28,ALIGNED,0.25,PASSED (ALLOCATED),CLEAN
trace_0074,DECAY,EXPANDING,92,ALIGNED,0.88,VETOED (NEUTRALIZED),Anti-Delta Pressure Overload
trace_0075,EXPANDING,DIVERGENT,30,ALIGNED,0.25,PASSED (ALLOCATED),CLEAN
trace_0076,REACCELERATION,DIVERGENT,86,ALIGNED,0.88,VETOED (NEUTRALIZED),Anti-Delta Pressure Overload
trace_0077,REACCELERATION,FLAT,60,ALIGNED,0.92,VETOED (NEUTRALIZED),False Reacceleration Trap (CVD Convergence)
trace_0078,EXPANDING,FLAT,58,ALIGNED,0.25,PASSED (ALLOCATED),CLEAN
trace_0079,REACCELERATION,FLAT,29,LIQUIDATION_WARNING,0.92,VETOED (NEUTRALIZED),False Reacceleration Trap (CVD Convergence)
trace_0080,EXPANDING,FLAT,92,NEUTRAL,0.88,VETOED (NEUTRALIZED),Anti-Delta Pressure Overload
trace_0081,EXPANDING,EXPANDING,84,ALIGNED,0.88,VETOED (NEUTRALIZED),Anti-Delta Pressure Overload
trace_0082,REACCELERATION,EXPANDING,28,LIQUIDATION_WARNING,0.92,VETOED (NEUTRALIZED),False Reacceleration Trap (CVD Convergence)
trace_0083,EXPANDING,FLAT,76,ALIGNED,0.25,PASSED (ALLOCATED),CLEAN
trace_0084,DECAY,DIVERGENT,87,ALIGNED,0.88,VETOED (NEUTRALIZED),Anti-Delta Pressure Overload
trace_0085,EXPANDING,DIVERGENT,58,NEUTRAL,0.25,PASSED (ALLOCATED),CLEAN
trace_0086,DECAY,EXPANDING,37,LIQUIDATION_WARNING,0.95,VETOED (NEUTRALIZED),RTS Liquidation Cascade Warning
trace_0087,REACCELERATION,EXPANDING,90,LIQUIDATION_WARNING,0.92,VETOED (NEUTRALIZED),False Reacceleration Trap (CVD Convergence)
trace_0088,EXPANDING,FLAT,46,ALIGNED,0.25,PASSED (ALLOCATED),CLEAN
trace_0089,DECAY,FLAT,53,ALIGNED,0.25,PASSED (ALLOCATED),CLEAN
trace_0090,DECAY,FLAT,26,ALIGNED,0.25,PASSED (ALLOCATED),CLEAN
trace_0091,EXPANDING,DIVERGENT,55,ALIGNED,0.25,PASSED (ALLOCATED),CLEAN
trace_0092,EXPANDING,EXPANDING,36,ALIGNED,0.25,PASSED (ALLOCATED),CLEAN
trace_0093,DECAY,FLAT,76,ALIGNED,0.25,PASSED (ALLOCATED),CLEAN
trace_0094,DECAY,DIVERGENT,21,ALIGNED,0.25,PASSED (ALLOCATED),CLEAN
trace_0095,EXPANDING,EXPANDING,39,LIQUIDATION_WARNING,0.95,VETOED (NEUTRALIZED),RTS Liquidation Cascade Warning
trace_0096,DECAY,EXPANDING,94,NEUTRAL,0.88,VETOED (NEUTRALIZED),Anti-Delta Pressure Overload
trace_0097,DECAY,EXPANDING,25,ALIGNED,0.25,PASSED (ALLOCATED),CLEAN
trace_0098,REACCELERATION,FLAT,25,LIQUIDATION_WARNING,0.92,VETOED (NEUTRALIZED),False Reacceleration Trap (CVD Convergence)
trace_0099,REACCELERATION,EXPANDING,33,NEUTRAL,0.92,VETOED (NEUTRALIZED),False Reacceleration Trap (CVD Convergence)
trace_0100,REACCELERATION,DIVERGENT,72,LIQUIDATION_WARNING,0.95,VETOED (NEUTRALIZED),RTS Liquidation Cascade Warning
trace_0101,DECAY,DIVERGENT,50,ALIGNED,0.25,PASSED (ALLOCATED),CLEAN
trace_0102,EXPANDING,EXPANDING,23,LIQUIDATION_WARNING,0.95,VETOED (NEUTRALIZED),RTS Liquidation Cascade Warning
trace_0103,EXPANDING,DIVERGENT,72,LIQUIDATION_WARNING,0.95,VETOED (NEUTRALIZED),RTS Liquidation Cascade Warning
trace_0104,DECAY,DIVERGENT,54,NEUTRAL,0.25,PASSED (ALLOCATED),CLEAN
trace_0105,EXPANDING,DIVERGENT,24,ALIGNED,0.25,PASSED (ALLOCATED),CLEAN
trace_0106,REACCELERATION,EXPANDING,78,ALIGNED,0.92,VETOED (NEUTRALIZED),False Reacceleration Trap (CVD Convergence)
trace_0107,REACCELERATION,FLAT,49,NEUTRAL,0.92,VETOED (NEUTRALIZED),False Reacceleration Trap (CVD Convergence)
trace_0108,EXPANDING,EXPANDING,71,NEUTRAL,0.25,PASSED (ALLOCATED),CLEAN
trace_0109,REACCELERATION,FLAT,55,LIQUIDATION_WARNING,0.92,VETOED (NEUTRALIZED),False Reacceleration Trap (CVD Convergence)
trace_0110,REACCELERATION,DIVERGENT,88,ALIGNED,0.88,VETOED (NEUTRALIZED),Anti-Delta Pressure Overload
trace_0111,REACCELERATION,EXPANDING,53,ALIGNED,0.92,VETOED (NEUTRALIZED),False Reacceleration Trap (CVD Convergence)
trace_0112,EXPANDING,DIVERGENT,53,LIQUIDATION_WARNING,0.95,VETOED (NEUTRALIZED),RTS Liquidation Cascade Warning
trace_0113,EXPANDING,EXPANDING,64,ALIGNED,0.25,PASSED (ALLOCATED),CLEAN
trace_0114,DECAY,FLAT,85,ALIGNED,0.88,VETOED (NEUTRALIZED),Anti-Delta Pressure Overload
trace_0115,EXPANDING,FLAT,44,LIQUIDATION_WARNING,0.95,VETOED (NEUTRALIZED),RTS Liquidation Cascade Warning
trace_0116,REACCELERATION,EXPANDING,20,NEUTRAL,0.92,VETOED (NEUTRALIZED),False Reacceleration Trap (CVD Convergence)
trace_0117,DECAY,DIVERGENT,45,NEUTRAL,0.25,PASSED (ALLOCATED),CLEAN
trace_0118,REACCELERATION,FLAT,62,ALIGNED,0.92,VETOED (NEUTRALIZED),False Reacceleration Trap (CVD Convergence)
trace_0119,DECAY,FLAT,35,NEUTRAL,0.25,PASSED (ALLOCATED),CLEAN
trace_0120,DECAY,FLAT,72,ALIGNED,0.25,PASSED (ALLOCATED),CLEAN
trace_0121,REACCELERATION,FLAT,90,NEUTRAL,0.92,VETOED (NEUTRALIZED),False Reacceleration Trap (CVD Convergence)
trace_0122,EXPANDING,EXPANDING,68,ALIGNED,0.25,PASSED (ALLOCATED),CLEAN
trace_0123,DECAY,DIVERGENT,92,LIQUIDATION_WARNING,0.88,VETOED (NEUTRALIZED),Anti-Delta Pressure Overload
trace_0124,REACCELERATION,FLAT,20,ALIGNED,0.92,VETOED (NEUTRALIZED),False Reacceleration Trap (CVD Convergence)
trace_0125,REACCELERATION,FLAT,94,ALIGNED,0.92,VETOED (NEUTRALIZED),False Reacceleration Trap (CVD Convergence)
trace_0126,DECAY,DIVERGENT,76,ALIGNED,0.25,PASSED (ALLOCATED),CLEAN
trace_0127,REACCELERATION,DIVERGENT,80,ALIGNED,0.25,PASSED (ALLOCATED),CLEAN
trace_0128,DECAY,EXPANDING,56,NEUTRAL,0.25,PASSED (ALLOCATED),CLEAN
trace_0129,DECAY,DIVERGENT,62,NEUTRAL,0.25,PASSED (ALLOCATED),CLEAN
trace_0130,EXPANDING,EXPANDING,48,NEUTRAL,0.25,PASSED (ALLOCATED),CLEAN
trace_0131,EXPANDING,EXPANDING,51,ALIGNED,0.25,PASSED (ALLOCATED),CLEAN
trace_0132,REACCELERATION,DIVERGENT,29,NEUTRAL,0.25,PASSED (ALLOCATED),CLEAN
trace_0133,REACCELERATION,FLAT,93,LIQUIDATION_WARNING,0.92,VETOED (NEUTRALIZED),False Reacceleration Trap (CVD Convergence)
trace_0134,EXPANDING,DIVERGENT,83,NEUTRAL,0.88,VETOED (NEUTRALIZED),Anti-Delta Pressure Overload
trace_0135,REACCELERATION,EXPANDING,20,ALIGNED,0.92,VETOED (NEUTRALIZED),False Reacceleration Trap (CVD Convergence)
trace_0136,EXPANDING,FLAT,86,ALIGNED,0.88,VETOED (NEUTRALIZED),Anti-Delta Pressure Overload
trace_0137,REACCELERATION,EXPANDING,35,ALIGNED,0.92,VETOED (NEUTRALIZED),False Reacceleration Trap (CVD Convergence)
trace_0138,REACCELERATION,EXPANDING,87,NEUTRAL,0.92,VETOED (NEUTRALIZED),False Reacceleration Trap (CVD Convergence)
trace_0139,DECAY,DIVERGENT,76,ALIGNED,0.25,PASSED (ALLOCATED),CLEAN
trace_0140,DECAY,DIVERGENT,74,LIQUIDATION_WARNING,0.95,VETOED (NEUTRALIZED),RTS Liquidation Cascade Warning
trace_0141,DECAY,FLAT,80,LIQUIDATION_WARNING,0.95,VETOED (NEUTRALIZED),RTS Liquidation Cascade Warning
trace_0142,REACCELERATION,FLAT,55,NEUTRAL,0.92,VETOED (NEUTRALIZED),False Reacceleration Trap (CVD Convergence)
trace_0143,DECAY,FLAT,55,NEUTRAL,0.25,PASSED (ALLOCATED),CLEAN
trace_0144,REACCELERATION,EXPANDING,50,NEUTRAL,0.92,VETOED (NEUTRALIZED),False Reacceleration Trap (CVD Convergence)
trace_0145,REACCELERATION,FLAT,89,ALIGNED,0.92,VETOED (NEUTRALIZED),False Reacceleration Trap (CVD Convergence)
trace_0146,EXPANDING,EXPANDING,69,ALIGNED,0.25,PASSED (ALLOCATED),CLEAN
trace_0147,DECAY,EXPANDING,28,NEUTRAL,0.25,PASSED (ALLOCATED),CLEAN
trace_0148,REACCELERATION,FLAT,79,ALIGNED,0.92,VETOED (NEUTRALIZED),False Reacceleration Trap (CVD Convergence)
trace_0149,REACCELERATION,EXPANDING,73,ALIGNED,0.92,VETOED (NEUTRALIZED),False Reacceleration Trap (CVD Convergence)
trace_0150,REACCELERATION,DIVERGENT,22,LIQUIDATION_WARNING,0.95,VETOED (NEUTRALIZED),RTS Liquidation Cascade Warning
trace_0151,DECAY,FLAT,65,ALIGNED,0.25,PASSED (ALLOCATED),CLEAN
trace_0152,REACCELERATION,FLAT,73,LIQUIDATION_WARNING,0.92,VETOED (NEUTRALIZED),False Reacceleration Trap (CVD Convergence)
trace_0153,DECAY,DIVERGENT,48,NEUTRAL,0.25,PASSED (ALLOCATED),CLEAN
trace_0154,REACCELERATION,EXPANDING,82,ALIGNED,0.92,VETOED (NEUTRALIZED),False Reacceleration Trap (CVD Convergence)
trace_0155,EXPANDING,FLAT,71,ALIGNED,0.25,PASSED (ALLOCATED),CLEAN
trace_0156,DECAY,EXPANDING,36,NEUTRAL,0.25,PASSED (ALLOCATED),CLEAN
trace_0157,DECAY,DIVERGENT,70,ALIGNED,0.25,PASSED (ALLOCATED),CLEAN
trace_0158,DECAY,DIVERGENT,30,NEUTRAL,0.25,PASSED (ALLOCATED),CLEAN
trace_0159,DECAY,FLAT,79,ALIGNED,0.25,PASSED (ALLOCATED),CLEAN
trace_0160,EXPANDING,EXPANDING,61,ALIGNED,0.25,PASSED (ALLOCATED),CLEAN
trace_0161,EXPANDING,FLAT,68,ALIGNED,0.25,PASSED (ALLOCATED),CLEAN
trace_0162,REACCELERATION,FLAT,30,ALIGNED,0.92,VETOED (NEUTRALIZED),False Reacceleration Trap (CVD Convergence)
trace_0163,REACCELERATION,EXPANDING,26,NEUTRAL,0.92,VETOED (NEUTRALIZED),False Reacceleration Trap (CVD Convergence)
trace_0164,REACCELERATION,EXPANDING,25,NEUTRAL,0.92,VETOED (NEUTRALIZED),False Reacceleration Trap (CVD Convergence)
trace_0165,EXPANDING,EXPANDING,22,ALIGNED,0.25,PASSED (ALLOCATED),CLEAN
trace_0166,DECAY,EXPANDING,80,ALIGNED,0.25,PASSED (ALLOCATED),CLEAN
trace_0167,DECAY,EXPANDING,47,ALIGNED,0.25,PASSED (ALLOCATED),CLEAN
trace_0168,REACCELERATION,DIVERGENT,67,ALIGNED,0.25,PASSED (ALLOCATED),CLEAN
trace_0169,EXPANDING,DIVERGENT,34,NEUTRAL,0.25,PASSED (ALLOCATED),CLEAN
trace_0170,EXPANDING,FLAT,23,ALIGNED,0.25,PASSED (ALLOCATED),CLEAN
trace_0171,REACCELERATION,DIVERGENT,68,NEUTRAL,0.25,PASSED (ALLOCATED),CLEAN
trace_0172,REACCELERATION,DIVERGENT,95,ALIGNED,0.88,VETOED (NEUTRALIZED),Anti-Delta Pressure Overload
trace_0173,DECAY,DIVERGENT,58,ALIGNED,0.25,PASSED (ALLOCATED),CLEAN
trace_0174,DECAY,DIVERGENT,92,NEUTRAL,0.88,VETOED (NEUTRALIZED),Anti-Delta Pressure Overload
trace_0175,EXPANDING,FLAT,67,ALIGNED,0.25,PASSED (ALLOCATED),CLEAN
trace_0176,EXPANDING,DIVERGENT,21,NEUTRAL,0.25,PASSED (ALLOCATED),CLEAN
trace_0177,REACCELERATION,FLAT,66,ALIGNED,0.92,VETOED (NEUTRALIZED),False Reacceleration Trap (CVD Convergence)
trace_0178,DECAY,FLAT,75,NEUTRAL,0.25,PASSED (ALLOCATED),CLEAN
trace_0179,EXPANDING,DIVERGENT,54,ALIGNED,0.25,PASSED (ALLOCATED),CLEAN
trace_0180,DECAY,DIVERGENT,79,NEUTRAL,0.25,PASSED (ALLOCATED),CLEAN
trace_0181,REACCELERATION,DIVERGENT,61,ALIGNED,0.25,PASSED (ALLOCATED),CLEAN
trace_0182,EXPANDING,EXPANDING,77,ALIGNED,0.25,PASSED (ALLOCATED),CLEAN
trace_0183,EXPANDING,FLAT,68,ALIGNED,0.25,PASSED (ALLOCATED),CLEAN
trace_0184,REACCELERATION,EXPANDING,61,ALIGNED,0.92,VETOED (NEUTRALIZED),False Reacceleration Trap (CVD Convergence)
trace_0185,EXPANDING,FLAT,53,ALIGNED,0.25,PASSED (ALLOCATED),CLEAN
trace_0186,REACCELERATION,FLAT,55,LIQUIDATION_WARNING,0.92,VETOED (NEUTRALIZED),False Reacceleration Trap (CVD Convergence)
trace_0187,DECAY,EXPANDING,44,ALIGNED,0.25,PASSED (ALLOCATED),CLEAN
trace_0188,EXPANDING,EXPANDING,82,NEUTRAL,0.88,VETOED (NEUTRALIZED),Anti-Delta Pressure Overload
trace_0189,DECAY,EXPANDING,82,NEUTRAL,0.88,VETOED (NEUTRALIZED),Anti-Delta Pressure Overload
trace_0190,REACCELERATION,EXPANDING,48,ALIGNED,0.92,VETOED (NEUTRALIZED),False Reacceleration Trap (CVD Convergence)
trace_0191,REACCELERATION,DIVERGENT,94,ALIGNED,0.88,VETOED (NEUTRALIZED),Anti-Delta Pressure Overload
trace_0192,REACCELERATION,FLAT,64,ALIGNED,0.92,VETOED (NEUTRALIZED),False Reacceleration Trap (CVD Convergence)
trace_0193,REACCELERATION,DIVERGENT,65,ALIGNED,0.25,PASSED (ALLOCATED),CLEAN
trace_0194,DECAY,FLAT,52,ALIGNED,0.25,PASSED (ALLOCATED),CLEAN
trace_0195,EXPANDING,EXPANDING,60,NEUTRAL,0.25,PASSED (ALLOCATED),CLEAN
trace_0196,EXPANDING,DIVERGENT,43,ALIGNED,0.25,PASSED (ALLOCATED),CLEAN
trace_0197,EXPANDING,EXPANDING,55,NEUTRAL,0.25,PASSED (ALLOCATED),CLEAN
trace_0198,DECAY,DIVERGENT,87,LIQUIDATION_WARNING,0.88,VETOED (NEUTRALIZED),Anti-Delta Pressure Overload
trace_0199,DECAY,FLAT,44,LIQUIDATION_WARNING,0.95,VETOED (NEUTRALIZED),RTS Liquidation Cascade Warning
trace_0200,REACCELERATION,EXPANDING,58,ALIGNED,0.92,VETOED (NEUTRALIZED),False Reacceleration Trap (CVD Convergence)
trace_0201,EXPANDING,DIVERGENT,55,ALIGNED,0.25,PASSED (ALLOCATED),CLEAN
trace_0202,EXPANDING,EXPANDING,36,ALIGNED,0.25,PASSED (ALLOCATED),CLEAN
trace_0203,DECAY,FLAT,21,ALIGNED,0.25,PASSED (ALLOCATED),CLEAN
trace_0204,DECAY,FLAT,76,ALIGNED,0.25,PASSED (ALLOCATED),CLEAN
trace_0205,REACCELERATION,EXPANDING,52,LIQUIDATION_WARNING,0.92,VETOED (NEUTRALIZED),False Reacceleration Trap (CVD Convergence)
trace_0206,REACCELERATION,EXPANDING,71,NEUTRAL,0.92,VETOED (NEUTRALIZED),False Reacceleration Trap (CVD Convergence)
trace_0207,REACCELERATION,EXPANDING,26,ALIGNED,0.92,VETOED (NEUTRALIZED),False Reacceleration Trap (CVD Convergence)
trace_0208,EXPANDING,EXPANDING,58,NEUTRAL,0.25,PASSED (ALLOCATED),CLEAN
trace_0209,EXPANDING,EXPANDING,73,ALIGNED,0.25,PASSED (ALLOCATED),CLEAN
trace_0210,DECAY,DIVERGENT,48,NEUTRAL,0.25,PASSED (ALLOCATED),CLEAN
trace_0211,DECAY,FLAT,76,ALIGNED,0.25,PASSED (ALLOCATED),CLEAN
trace_0212,REACCELERATION,DIVERGENT,59,LIQUIDATION_WARNING,0.95,VETOED (NEUTRALIZED),RTS Liquidation Cascade Warning
trace_0213,DECAY,DIVERGENT,32,ALIGNED,0.25,PASSED (ALLOCATED),CLEAN
trace_0214,EXPANDING,DIVERGENT,30,ALIGNED,0.25,PASSED (ALLOCATED),CLEAN
trace_0215,EXPANDING,EXPANDING,29,ALIGNED,0.25,PASSED (ALLOCATED),CLEAN
trace_0216,EXPANDING,EXPANDING,80,ALIGNED,0.25,PASSED (ALLOCATED),CLEAN
trace_0217,REACCELERATION,EXPANDING,56,ALIGNED,0.92,VETOED (NEUTRALIZED),False Reacceleration Trap (CVD Convergence)
trace_0218,DECAY,FLAT,49,ALIGNED,0.25,PASSED (ALLOCATED),CLEAN
trace_0219,REACCELERATION,DIVERGENT,45,ALIGNED,0.25,PASSED (ALLOCATED),CLEAN
trace_0220,REACCELERATION,EXPANDING,39,ALIGNED,0.92,VETOED (NEUTRALIZED),False Reacceleration Trap (CVD Convergence)
trace_0221,REACCELERATION,EXPANDING,41,ALIGNED,0.92,VETOED (NEUTRALIZED),False Reacceleration Trap (CVD Convergence)
trace_0222,REACCELERATION,DIVERGENT,92,NEUTRAL,0.88,VETOED (NEUTRALIZED),Anti-Delta Pressure Overload
trace_0223,REACCELERATION,FLAT,58,ALIGNED,0.92,VETOED (NEUTRALIZED),False Reacceleration Trap (CVD Convergence)
trace_0224,DECAY,FLAT,84,LIQUIDATION_WARNING,0.88,VETOED (NEUTRALIZED),Anti-Delta Pressure Overload
trace_0225,DECAY,FLAT,25,ALIGNED,0.25,PASSED (ALLOCATED),CLEAN
trace_0226,REACCELERATION,DIVERGENT,52,ALIGNED,0.25,PASSED (ALLOCATED),CLEAN
trace_0227,EXPANDING,EXPANDING,93,ALIGNED,0.88,VETOED (NEUTRALIZED),Anti-Delta Pressure Overload
trace_0228,DECAY,EXPANDING,54,LIQUIDATION_WARNING,0.95,VETOED (NEUTRALIZED),RTS Liquidation Cascade Warning
trace_0229,DECAY,EXPANDING,42,NEUTRAL,0.25,PASSED (ALLOCATED),CLEAN
trace_0230,REACCELERATION,DIVERGENT,55,NEUTRAL,0.25,PASSED (ALLOCATED),CLEAN
trace_0231,EXPANDING,DIVERGENT,82,ALIGNED,0.88,VETOED (NEUTRALIZED),Anti-Delta Pressure Overload
trace_0232,EXPANDING,FLAT,62,ALIGNED,0.25,PASSED (ALLOCATED),CLEAN
trace_0233,REACCELERATION,DIVERGENT,40,ALIGNED,0.25,PASSED (ALLOCATED),CLEAN
trace_0234,REACCELERATION,FLAT,56,NEUTRAL,0.92,VETOED (NEUTRALIZED),False Reacceleration Trap (CVD Convergence)
trace_0235,DECAY,FLAT,90,NEUTRAL,0.88,VETOED (NEUTRALIZED),Anti-Delta Pressure Overload
trace_0236,EXPANDING,FLAT,52,ALIGNED,0.25,PASSED (ALLOCATED),CLEAN
trace_0237,REACCELERATION,EXPANDING,71,LIQUIDATION_WARNING,0.92,VETOED (NEUTRALIZED),False Reacceleration Trap (CVD Convergence)
trace_0238,DECAY,EXPANDING,89,NEUTRAL,0.88,VETOED (NEUTRALIZED),Anti-Delta Pressure Overload
trace_0239,REACCELERATION,FLAT,86,ALIGNED,0.92,VETOED (NEUTRALIZED),False Reacceleration Trap (CVD Convergence)
trace_0240,REACCELERATION,DIVERGENT,76,NEUTRAL,0.25,PASSED (ALLOCATED),CLEAN
trace_0241,EXPANDING,EXPANDING,36,ALIGNED,0.25,PASSED (ALLOCATED),CLEAN
trace_0242,REACCELERATION,FLAT,82,LIQUIDATION_WARNING,0.92,VETOED (NEUTRALIZED),False Reacceleration Trap (CVD Convergence)
trace_0243,EXPANDING,EXPANDING,50,LIQUIDATION_WARNING,0.95,VETOED (NEUTRALIZED),RTS Liquidation Cascade Warning
trace_0244,DECAY,EXPANDING,21,ALIGNED,0.25,PASSED (ALLOCATED),CLEAN
trace_0245,DECAY,FLAT,34,ALIGNED,0.25,PASSED (ALLOCATED),CLEAN
trace_0246,REACCELERATION,EXPANDING,39,NEUTRAL,0.92,VETOED (NEUTRALIZED),False Reacceleration Trap (CVD Convergence)
trace_0247,REACCELERATION,DIVERGENT,54,ALIGNED,0.25,PASSED (ALLOCATED),CLEAN
trace_0248,REACCELERATION,FLAT,51,LIQUIDATION_WARNING,0.92,VETOED (NEUTRALIZED),False Reacceleration Trap (CVD Convergence)
trace_0249,REACCELERATION,DIVERGENT,44,ALIGNED,0.25,PASSED (ALLOCATED),CLEAN
trace_0250,DECAY,DIVERGENT,37,NEUTRAL,0.25,PASSED (ALLOCATED),CLEAN
trace_0251,EXPANDING,FLAT,73,NEUTRAL,0.25,PASSED (ALLOCATED),CLEAN
trace_0252,REACCELERATION,DIVERGENT,20,ALIGNED,0.25,PASSED (ALLOCATED),CLEAN
trace_0253,REACCELERATION,DIVERGENT,95,ALIGNED,0.88,VETOED (NEUTRALIZED),Anti-Delta Pressure Overload
trace_0254,DECAY,DIVERGENT,39,ALIGNED,0.25,PASSED (ALLOCATED),CLEAN
trace_0255,REACCELERATION,DIVERGENT,62,ALIGNED,0.25,PASSED (ALLOCATED),CLEAN
trace_0256,DECAY,DIVERGENT,61,ALIGNED,0.25,PASSED (ALLOCATED),CLEAN
trace_0257,EXPANDING,DIVERGENT,69,ALIGNED,0.25,PASSED (ALLOCATED),CLEAN
trace_0258,EXPANDING,FLAT,80,ALIGNED,0.25,PASSED (ALLOCATED),CLEAN
trace_0259,DECAY,FLAT,39,ALIGNED,0.25,PASSED (ALLOCATED),CLEAN
trace_0260,REACCELERATION,EXPANDING,95,ALIGNED,0.92,VETOED (NEUTRALIZED),False Reacceleration Trap (CVD Convergence)
trace_0261,REACCELERATION,EXPANDING,76,LIQUIDATION_WARNING,0.92,VETOED (NEUTRALIZED),False Reacceleration Trap (CVD Convergence)
trace_0262,EXPANDING,DIVERGENT,21,LIQUIDATION_WARNING,0.95,VETOED (NEUTRALIZED),RTS Liquidation Cascade Warning
trace_0263,DECAY,EXPANDING,39,ALIGNED,0.25,PASSED (ALLOCATED),CLEAN
trace_0264,EXPANDING,FLAT,53,NEUTRAL,0.25,PASSED (ALLOCATED),CLEAN
trace_0265,REACCELERATION,DIVERGENT,30,NEUTRAL,0.25,PASSED (ALLOCATED),CLEAN
trace_0266,REACCELERATION,DIVERGENT,68,LIQUIDATION_WARNING,0.95,VETOED (NEUTRALIZED),RTS Liquidation Cascade Warning
trace_0267,REACCELERATION,DIVERGENT,82,NEUTRAL,0.88,VETOED (NEUTRALIZED),Anti-Delta Pressure Overload
trace_0268,DECAY,EXPANDING,50,NEUTRAL,0.25,PASSED (ALLOCATED),CLEAN
trace_0269,DECAY,DIVERGENT,49,LIQUIDATION_WARNING,0.95,VETOED (NEUTRALIZED),RTS Liquidation Cascade Warning
trace_0270,DECAY,EXPANDING,32,ALIGNED,0.25,PASSED (ALLOCATED),CLEAN
trace_0271,DECAY,DIVERGENT,76,LIQUIDATION_WARNING,0.95,VETOED (NEUTRALIZED),RTS Liquidation Cascade Warning
trace_0272,EXPANDING,DIVERGENT,23,ALIGNED,0.25,PASSED (ALLOCATED),CLEAN
trace_0273,EXPANDING,FLAT,57,NEUTRAL,0.25,PASSED (ALLOCATED),CLEAN
trace_0274,REACCELERATION,FLAT,51,ALIGNED,0.92,VETOED (NEUTRALIZED),False Reacceleration Trap (CVD Convergence)
trace_0275,DECAY,FLAT,43,ALIGNED,0.25,PASSED (ALLOCATED),CLEAN
trace_0276,EXPANDING,EXPANDING,68,ALIGNED,0.25,PASSED (ALLOCATED),CLEAN
trace_0277,DECAY,DIVERGENT,94,ALIGNED,0.88,VETOED (NEUTRALIZED),Anti-Delta Pressure Overload
trace_0278,EXPANDING,EXPANDING,52,ALIGNED,0.25,PASSED (ALLOCATED),CLEAN
trace_0279,REACCELERATION,FLAT,79,NEUTRAL,0.92,VETOED (NEUTRALIZED),False Reacceleration Trap (CVD Convergence)
trace_0280,REACCELERATION,DIVERGENT,29,ALIGNED,0.25,PASSED (ALLOCATED),CLEAN
trace_0281,REACCELERATION,FLAT,58,LIQUIDATION_WARNING,0.92,VETOED (NEUTRALIZED),False Reacceleration Trap (CVD Convergence)
trace_0282,DECAY,FLAT,78,NEUTRAL,0.25,PASSED (ALLOCATED),CLEAN
trace_0283,REACCELERATION,EXPANDING,81,LIQUIDATION_WARNING,0.92,VETOED (NEUTRALIZED),False Reacceleration Trap (CVD Convergence)
trace_0284,EXPANDING,EXPANDING,65,ALIGNED,0.25,PASSED (ALLOCATED),CLEAN
trace_0285,DECAY,FLAT,57,LIQUIDATION_WARNING,0.95,VETOED (NEUTRALIZED),RTS Liquidation Cascade Warning
trace_0286,EXPANDING,DIVERGENT,21,ALIGNED,0.25,PASSED (ALLOCATED),CLEAN
trace_0287,DECAY,DIVERGENT,26,NEUTRAL,0.25,PASSED (ALLOCATED),CLEAN
trace_0288,DECAY,DIVERGENT,56,ALIGNED,0.25,PASSED (ALLOCATED),CLEAN
trace_0289,EXPANDING,DIVERGENT,48,NEUTRAL,0.25,PASSED (ALLOCATED),CLEAN
trace_0290,DECAY,EXPANDING,37,NEUTRAL,0.25,PASSED (ALLOCATED),CLEAN
trace_0291,DECAY,EXPANDING,25,LIQUIDATION_WARNING,0.95,VETOED (NEUTRALIZED),RTS Liquidation Cascade Warning
trace_0292,REACCELERATION,FLAT,66,ALIGNED,0.92,VETOED (NEUTRALIZED),False Reacceleration Trap (CVD Convergence)
trace_0293,DECAY,EXPANDING,57,ALIGNED,0.25,PASSED (ALLOCATED),CLEAN
trace_0294,REACCELERATION,DIVERGENT,45,ALIGNED,0.25,PASSED (ALLOCATED),CLEAN
trace_0295,EXPANDING,DIVERGENT,66,LIQUIDATION_WARNING,0.95,VETOED (NEUTRALIZED),RTS Liquidation Cascade Warning
trace_0296,DECAY,DIVERGENT,41,LIQUIDATION_WARNING,0.95,VETOED (NEUTRALIZED),RTS Liquidation Cascade Warning
trace_0297,REACCELERATION,FLAT,57,LIQUIDATION_WARNING,0.92,VETOED (NEUTRALIZED),False Reacceleration Trap (CVD Convergence)
trace_0298,DECAY,FLAT,79,NEUTRAL,0.25,PASSED (ALLOCATED),CLEAN
trace_0299,EXPANDING,EXPANDING,48,NEUTRAL,0.25,PASSED (ALLOCATED),CLEAN
trace_0300,DECAY,DIVERGENT,70,NEUTRAL,0.25,PASSED (ALLOCATED),CLEAN
trace_0301,DECAY,FLAT,70,ALIGNED,0.25,PASSED (ALLOCATED),CLEAN
trace_0302,EXPANDING,FLAT,78,ALIGNED,0.25,PASSED (ALLOCATED),CLEAN
trace_0303,REACCELERATION,DIVERGENT,53,NEUTRAL,0.25,PASSED (ALLOCATED),CLEAN
trace_0304,DECAY,FLAT,67,NEUTRAL,0.25,PASSED (ALLOCATED),CLEAN
trace_0305,EXPANDING,DIVERGENT,23,ALIGNED,0.25,PASSED (ALLOCATED),CLEAN
trace_0306,DECAY,DIVERGENT,48,ALIGNED,0.25,PASSED (ALLOCATED),CLEAN
trace_0307,DECAY,EXPANDING,79,NEUTRAL,0.25,PASSED (ALLOCATED),CLEAN
trace_0308,DECAY,FLAT,34,NEUTRAL,0.25,PASSED (ALLOCATED),CLEAN
trace_0309,EXPANDING,EXPANDING,58,LIQUIDATION_WARNING,0.95,VETOED (NEUTRALIZED),RTS Liquidation Cascade Warning
trace_0310,REACCELERATION,EXPANDING,88,ALIGNED,0.92,VETOED (NEUTRALIZED),False Reacceleration Trap (CVD Convergence)
trace_0311,EXPANDING,FLAT,89,ALIGNED,0.88,VETOED (NEUTRALIZED),Anti-Delta Pressure Overload
trace_0312,REACCELERATION,DIVERGENT,39,NEUTRAL,0.25,PASSED (ALLOCATED),CLEAN
trace_0313,REACCELERATION,DIVERGENT,82,ALIGNED,0.88,VETOED (NEUTRALIZED),Anti-Delta Pressure Overload
trace_0314,DECAY,FLAT,55,LIQUIDATION_WARNING,0.95,VETOED (NEUTRALIZED),RTS Liquidation Cascade Warning
trace_0315,EXPANDING,DIVERGENT,76,ALIGNED,0.25,PASSED (ALLOCATED),CLEAN
trace_0316,REACCELERATION,EXPANDING,32,LIQUIDATION_WARNING,0.92,VETOED (NEUTRALIZED),False Reacceleration Trap (CVD Convergence)
trace_0317,DECAY,FLAT,65,ALIGNED,0.25,PASSED (ALLOCATED),CLEAN
trace_0318,EXPANDING,FLAT,35,ALIGNED,0.25,PASSED (ALLOCATED),CLEAN
trace_0319,REACCELERATION,EXPANDING,22,NEUTRAL,0.92,VETOED (NEUTRALIZED),False Reacceleration Trap (CVD Convergence)
trace_0320,EXPANDING,FLAT,36,ALIGNED,0.25,PASSED (ALLOCATED),CLEAN
trace_0321,DECAY,EXPANDING,90,ALIGNED,0.88,VETOED (NEUTRALIZED),Anti-Delta Pressure Overload
trace_0322,EXPANDING,DIVERGENT,49,ALIGNED,0.25,PASSED (ALLOCATED),CLEAN
trace_0323,REACCELERATION,EXPANDING,20,NEUTRAL,0.92,VETOED (NEUTRALIZED),False Reacceleration Trap (CVD Convergence)
trace_0324,REACCELERATION,EXPANDING,89,LIQUIDATION_WARNING,0.92,VETOED (NEUTRALIZED),False Reacceleration Trap (CVD Convergence)
trace_0325,REACCELERATION,EXPANDING,23,ALIGNED,0.92,VETOED (NEUTRALIZED),False Reacceleration Trap (CVD Convergence)
trace_0326,EXPANDING,EXPANDING,50,ALIGNED,0.25,PASSED (ALLOCATED),CLEAN
trace_0327,DECAY,FLAT,53,ALIGNED,0.25,PASSED (ALLOCATED),CLEAN
trace_0328,EXPANDING,EXPANDING,87,NEUTRAL,0.88,VETOED (NEUTRALIZED),Anti-Delta Pressure Overload
trace_0329,EXPANDING,DIVERGENT,77,ALIGNED,0.25,PASSED (ALLOCATED),CLEAN
trace_0330,REACCELERATION,DIVERGENT,77,ALIGNED,0.25,PASSED (ALLOCATED),CLEAN
trace_0331,DECAY,EXPANDING,25,LIQUIDATION_WARNING,0.95,VETOED (NEUTRALIZED),RTS Liquidation Cascade Warning
trace_0332,DECAY,DIVERGENT,78,ALIGNED,0.25,PASSED (ALLOCATED),CLEAN
trace_0333,DECAY,EXPANDING,81,ALIGNED,0.88,VETOED (NEUTRALIZED),Anti-Delta Pressure Overload
trace_0334,REACCELERATION,FLAT,82,NEUTRAL,0.92,VETOED (NEUTRALIZED),False Reacceleration Trap (CVD Convergence)
trace_0335,DECAY,FLAT,30,ALIGNED,0.25,PASSED (ALLOCATED),CLEAN
trace_0336,REACCELERATION,DIVERGENT,36,ALIGNED,0.25,PASSED (ALLOCATED),CLEAN
trace_0337,REACCELERATION,DIVERGENT,90,NEUTRAL,0.88,VETOED (NEUTRALIZED),Anti-Delta Pressure Overload
trace_0338,DECAY,FLAT,87,ALIGNED,0.88,VETOED (NEUTRALIZED),Anti-Delta Pressure Overload
trace_0339,REACCELERATION,FLAT,75,ALIGNED,0.92,VETOED (NEUTRALIZED),False Reacceleration Trap (CVD Convergence)
trace_0340,EXPANDING,DIVERGENT,90,ALIGNED,0.88,VETOED (NEUTRALIZED),Anti-Delta Pressure Overload
trace_0341,DECAY,EXPANDING,49,ALIGNED,0.25,PASSED (ALLOCATED),CLEAN
trace_0342,REACCELERATION,FLAT,71,NEUTRAL,0.92,VETOED (NEUTRALIZED),False Reacceleration Trap (CVD Convergence)
trace_0343,REACCELERATION,DIVERGENT,74,ALIGNED,0.25,PASSED (ALLOCATED),CLEAN
trace_0344,REACCELERATION,DIVERGENT,39,ALIGNED,0.25,PASSED (ALLOCATED),CLEAN
trace_0345,DECAY,FLAT,30,ALIGNED,0.25,PASSED (ALLOCATED),CLEAN
trace_0346,EXPANDING,FLAT,67,ALIGNED,0.25,PASSED (ALLOCATED),CLEAN
trace_0347,EXPANDING,DIVERGENT,91,ALIGNED,0.88,VETOED (NEUTRALIZED),Anti-Delta Pressure Overload
trace_0348,DECAY,FLAT,72,NEUTRAL,0.25,PASSED (ALLOCATED),CLEAN
trace_0349,REACCELERATION,DIVERGENT,74,LIQUIDATION_WARNING,0.95,VETOED (NEUTRALIZED),RTS Liquidation Cascade Warning
trace_0350,DECAY,EXPANDING,59,LIQUIDATION_WARNING,0.95,VETOED (NEUTRALIZED),RTS Liquidation Cascade Warning
trace_0351,REACCELERATION,EXPANDING,47,ALIGNED,0.92,VETOED (NEUTRALIZED),False Reacceleration Trap (CVD Convergence)
trace_0352,EXPANDING,DIVERGENT,33,ALIGNED,0.25,PASSED (ALLOCATED),CLEAN
trace_0353,REACCELERATION,DIVERGENT,55,ALIGNED,0.25,PASSED (ALLOCATED),CLEAN
trace_0354,DECAY,EXPANDING,91,NEUTRAL,0.88,VETOED (NEUTRALIZED),Anti-Delta Pressure Overload
trace_0355,DECAY,DIVERGENT,91,NEUTRAL,0.88,VETOED (NEUTRALIZED),Anti-Delta Pressure Overload
trace_0356,EXPANDING,DIVERGENT,54,LIQUIDATION_WARNING,0.95,VETOED (NEUTRALIZED),RTS Liquidation Cascade Warning
trace_0357,EXPANDING,EXPANDING,59,ALIGNED,0.25,PASSED (ALLOCATED),CLEAN
trace_0358,REACCELERATION,FLAT,38,ALIGNED,0.92,VETOED (NEUTRALIZED),False Reacceleration Trap (CVD Convergence)
trace_0359,DECAY,DIVERGENT,38,ALIGNED,0.25,PASSED (ALLOCATED),CLEAN
trace_0360,DECAY,DIVERGENT,31,LIQUIDATION_WARNING,0.95,VETOED (NEUTRALIZED),RTS Liquidation Cascade Warning
trace_0361,DECAY,DIVERGENT,73,ALIGNED,0.25,PASSED (ALLOCATED),CLEAN
trace_0362,REACCELERATION,FLAT,59,ALIGNED,0.92,VETOED (NEUTRALIZED),False Reacceleration Trap (CVD Convergence)
trace_0363,DECAY,FLAT,92,NEUTRAL,0.88,VETOED (NEUTRALIZED),Anti-Delta Pressure Overload
trace_0364,DECAY,EXPANDING,39,LIQUIDATION_WARNING,0.95,VETOED (NEUTRALIZED),RTS Liquidation Cascade Warning
trace_0365,EXPANDING,DIVERGENT,30,ALIGNED,0.25,PASSED (ALLOCATED),CLEAN
trace_0366,REACCELERATION,FLAT,82,NEUTRAL,0.92,VETOED (NEUTRALIZED),False Reacceleration Trap (CVD Convergence)
trace_0367,DECAY,FLAT,47,ALIGNED,0.25,PASSED (ALLOCATED),CLEAN
trace_0368,DECAY,EXPANDING,34,ALIGNED,0.25,PASSED (ALLOCATED),CLEAN
trace_0369,REACCELERATION,DIVERGENT,82,NEUTRAL,0.88,VETOED (NEUTRALIZED),Anti-Delta Pressure Overload
trace_0370,DECAY,DIVERGENT,48,ALIGNED,0.25,PASSED (ALLOCATED),CLEAN
trace_0371,REACCELERATION,DIVERGENT,46,ALIGNED,0.25,PASSED (ALLOCATED),CLEAN
trace_0372,REACCELERATION,EXPANDING,52,NEUTRAL,0.92,VETOED (NEUTRALIZED),False Reacceleration Trap (CVD Convergence)
trace_0373,REACCELERATION,FLAT,83,ALIGNED,0.92,VETOED (NEUTRALIZED),False Reacceleration Trap (CVD Convergence)
trace_0374,DECAY,FLAT,68,ALIGNED,0.25,PASSED (ALLOCATED),CLEAN
trace_0375,DECAY,DIVERGENT,91,ALIGNED,0.88,VETOED (NEUTRALIZED),Anti-Delta Pressure Overload
trace_0376,DECAY,FLAT,25,ALIGNED,0.25,PASSED (ALLOCATED),CLEAN
trace_0377,REACCELERATION,EXPANDING,29,ALIGNED,0.92,VETOED (NEUTRALIZED),False Reacceleration Trap (CVD Convergence)
trace_0378,REACCELERATION,DIVERGENT,71,ALIGNED,0.25,PASSED (ALLOCATED),CLEAN
trace_0379,DECAY,DIVERGENT,34,ALIGNED,0.25,PASSED (ALLOCATED),CLEAN
trace_0380,REACCELERATION,EXPANDING,41,LIQUIDATION_WARNING,0.92,VETOED (NEUTRALIZED),False Reacceleration Trap (CVD Convergence)
trace_0381,DECAY,FLAT,66,NEUTRAL,0.25,PASSED (ALLOCATED),CLEAN
trace_0382,EXPANDING,FLAT,51,NEUTRAL,0.25,PASSED (ALLOCATED),CLEAN
trace_0383,REACCELERATION,DIVERGENT,30,ALIGNED,0.25,PASSED (ALLOCATED),CLEAN
trace_0384,REACCELERATION,FLAT,48,NEUTRAL,0.92,VETOED (NEUTRALIZED),False Reacceleration Trap (CVD Convergence)
trace_0385,REACCELERATION,EXPANDING,34,ALIGNED,0.92,VETOED (NEUTRALIZED),False Reacceleration Trap (CVD Convergence)
trace_0386,DECAY,DIVERGENT,64,ALIGNED,0.25,PASSED (ALLOCATED),CLEAN
trace_0387,REACCELERATION,DIVERGENT,38,LIQUIDATION_WARNING,0.95,VETOED (NEUTRALIZED),RTS Liquidation Cascade Warning
trace_0388,EXPANDING,EXPANDING,45,ALIGNED,0.25,PASSED (ALLOCATED),CLEAN
trace_0389,EXPANDING,DIVERGENT,29,ALIGNED,0.25,PASSED (ALLOCATED),CLEAN
trace_0390,EXPANDING,DIVERGENT,92,ALIGNED,0.88,VETOED (NEUTRALIZED),Anti-Delta Pressure Overload
trace_0391,DECAY,FLAT,92,NEUTRAL,0.88,VETOED (NEUTRALIZED),Anti-Delta Pressure Overload
trace_0392,DECAY,DIVERGENT,61,LIQUIDATION_WARNING,0.95,VETOED (NEUTRALIZED),RTS Liquidation Cascade Warning
trace_0393,DECAY,FLAT,28,ALIGNED,0.25,PASSED (ALLOCATED),CLEAN
trace_0394,REACCELERATION,FLAT,55,NEUTRAL,0.92,VETOED (NEUTRALIZED),False Reacceleration Trap (CVD Convergence)
trace_0395,DECAY,EXPANDING,29,ALIGNED,0.25,PASSED (ALLOCATED),CLEAN
trace_0396,REACCELERATION,FLAT,27,ALIGNED,0.92,VETOED (NEUTRALIZED),False Reacceleration Trap (CVD Convergence)
trace_0397,REACCELERATION,FLAT,31,ALIGNED,0.92,VETOED (NEUTRALIZED),False Reacceleration Trap (CVD Convergence)
trace_0398,DECAY,DIVERGENT,79,ALIGNED,0.25,PASSED (ALLOCATED),CLEAN
trace_0399,DECAY,DIVERGENT,25,LIQUIDATION_WARNING,0.95,VETOED (NEUTRALIZED),RTS Liquidation Cascade Warning
trace_0400,REACCELERATION,DIVERGENT,61,NEUTRAL,0.25,PASSED (ALLOCATED),CLEAN
trace_0401,DECAY,FLAT,27,ALIGNED,0.25,PASSED (ALLOCATED),CLEAN
trace_0402,REACCELERATION,EXPANDING,63,NEUTRAL,0.92,VETOED (NEUTRALIZED),False Reacceleration Trap (CVD Convergence)
trace_0403,DECAY,EXPANDING,42,ALIGNED,0.25,PASSED (ALLOCATED),CLEAN
trace_0404,EXPANDING,EXPANDING,76,NEUTRAL,0.25,PASSED (ALLOCATED),CLEAN
trace_0405,DECAY,DIVERGENT,66,NEUTRAL,0.25,PASSED (ALLOCATED),CLEAN
trace_0406,REACCELERATION,FLAT,63,ALIGNED,0.92,VETOED (NEUTRALIZED),False Reacceleration Trap (CVD Convergence)
trace_0407,DECAY,DIVERGENT,62,ALIGNED,0.25,PASSED (ALLOCATED),CLEAN
trace_0408,EXPANDING,FLAT,69,ALIGNED,0.25,PASSED (ALLOCATED),CLEAN
trace_0409,REACCELERATION,FLAT,39,NEUTRAL,0.92,VETOED (NEUTRALIZED),False Reacceleration Trap (CVD Convergence)
trace_0410,REACCELERATION,EXPANDING,38,ALIGNED,0.92,VETOED (NEUTRALIZED),False Reacceleration Trap (CVD Convergence)
trace_0411,REACCELERATION,FLAT,70,LIQUIDATION_WARNING,0.92,VETOED (NEUTRALIZED),False Reacceleration Trap (CVD Convergence)
trace_0412,EXPANDING,DIVERGENT,30,NEUTRAL,0.25,PASSED (ALLOCATED),CLEAN
trace_0413,REACCELERATION,DIVERGENT,62,ALIGNED,0.25,PASSED (ALLOCATED),CLEAN
trace_0414,EXPANDING,DIVERGENT,87,NEUTRAL,0.88,VETOED (NEUTRALIZED),Anti-Delta Pressure Overload
trace_0415,EXPANDING,DIVERGENT,85,NEUTRAL,0.88,VETOED (NEUTRALIZED),Anti-Delta Pressure Overload
trace_0416,REACCELERATION,EXPANDING,43,ALIGNED,0.92,VETOED (NEUTRALIZED),False Reacceleration Trap (CVD Convergence)
trace_0417,EXPANDING,FLAT,82,LIQUIDATION_WARNING,0.88,VETOED (NEUTRALIZED),Anti-Delta Pressure Overload
trace_0418,EXPANDING,EXPANDING,39,LIQUIDATION_WARNING,0.95,VETOED (NEUTRALIZED),RTS Liquidation Cascade Warning
trace_0419,EXPANDING,FLAT,32,NEUTRAL,0.25,PASSED (ALLOCATED),CLEAN
trace_0420,DECAY,DIVERGENT,87,NEUTRAL,0.88,VETOED (NEUTRALIZED),Anti-Delta Pressure Overload
trace_0421,EXPANDING,DIVERGENT,36,ALIGNED,0.25,PASSED (ALLOCATED),CLEAN
trace_0422,DECAY,FLAT,43,ALIGNED,0.25,PASSED (ALLOCATED),CLEAN
trace_0423,DECAY,DIVERGENT,41,NEUTRAL,0.25,PASSED (ALLOCATED),CLEAN
trace_0424,DECAY,FLAT,66,ALIGNED,0.25,PASSED (ALLOCATED),CLEAN
trace_0425,DECAY,DIVERGENT,76,ALIGNED,0.25,PASSED (ALLOCATED),CLEAN
trace_0426,DECAY,FLAT,77,NEUTRAL,0.25,PASSED (ALLOCATED),CLEAN
trace_0427,EXPANDING,DIVERGENT,80,ALIGNED,0.25,PASSED (ALLOCATED),CLEAN
trace_0428,EXPANDING,FLAT,93,NEUTRAL,0.88,VETOED (NEUTRALIZED),Anti-Delta Pressure Overload
trace_0429,REACCELERATION,FLAT,68,NEUTRAL,0.92,VETOED (NEUTRALIZED),False Reacceleration Trap (CVD Convergence)
trace_0430,DECAY,DIVERGENT,40,ALIGNED,0.25,PASSED (ALLOCATED),CLEAN
trace_0431,EXPANDING,DIVERGENT,52,ALIGNED,0.25,PASSED (ALLOCATED),CLEAN
trace_0432,EXPANDING,DIVERGENT,67,ALIGNED,0.25,PASSED (ALLOCATED),CLEAN
trace_0433,DECAY,EXPANDING,86,NEUTRAL,0.88,VETOED (NEUTRALIZED),Anti-Delta Pressure Overload
trace_0434,EXPANDING,FLAT,40,ALIGNED,0.25,PASSED (ALLOCATED),CLEAN
trace_0435,REACCELERATION,FLAT,38,LIQUIDATION_WARNING,0.92,VETOED (NEUTRALIZED),False Reacceleration Trap (CVD Convergence)
trace_0436,REACCELERATION,EXPANDING,48,LIQUIDATION_WARNING,0.92,VETOED (NEUTRALIZED),False Reacceleration Trap (CVD Convergence)
trace_0437,REACCELERATION,FLAT,73,LIQUIDATION_WARNING,0.92,VETOED (NEUTRALIZED),False Reacceleration Trap (CVD Convergence)
trace_0438,EXPANDING,FLAT,50,ALIGNED,0.25,PASSED (ALLOCATED),CLEAN
trace_0439,REACCELERATION,EXPANDING,23,ALIGNED,0.92,VETOED (NEUTRALIZED),False Reacceleration Trap (CVD Convergence)
trace_0440,REACCELERATION,EXPANDING,62,NEUTRAL,0.92,VETOED (NEUTRALIZED),False Reacceleration Trap (CVD Convergence)
trace_0441,EXPANDING,EXPANDING,80,ALIGNED,0.25,PASSED (ALLOCATED),CLEAN
trace_0442,DECAY,EXPANDING,80,NEUTRAL,0.25,PASSED (ALLOCATED),CLEAN
trace_0443,REACCELERATION,DIVERGENT,30,ALIGNED,0.25,PASSED (ALLOCATED),CLEAN
trace_0444,EXPANDING,FLAT,39,ALIGNED,0.25,PASSED (ALLOCATED),CLEAN
trace_0445,DECAY,DIVERGENT,74,NEUTRAL,0.25,PASSED (ALLOCATED),CLEAN
trace_0446,EXPANDING,FLAT,35,ALIGNED,0.25,PASSED (ALLOCATED),CLEAN
trace_0447,EXPANDING,EXPANDING,78,ALIGNED,0.25,PASSED (ALLOCATED),CLEAN
trace_0448,EXPANDING,EXPANDING,83,NEUTRAL,0.88,VETOED (NEUTRALIZED),Anti-Delta Pressure Overload
trace_0449,DECAY,DIVERGENT,85,ALIGNED,0.88,VETOED (NEUTRALIZED),Anti-Delta Pressure Overload
trace_0450,DECAY,EXPANDING,57,NEUTRAL,0.25,PASSED (ALLOCATED),CLEAN
trace_0451,REACCELERATION,EXPANDING,50,NEUTRAL,0.92,VETOED (NEUTRALIZED),False Reacceleration Trap (CVD Convergence)
trace_0452,DECAY,FLAT,30,ALIGNED,0.25,PASSED (ALLOCATED),CLEAN
trace_0453,DECAY,FLAT,87,ALIGNED,0.88,VETOED (NEUTRALIZED),Anti-Delta Pressure Overload
trace_0454,DECAY,DIVERGENT,84,NEUTRAL,0.88,VETOED (NEUTRALIZED),Anti-Delta Pressure Overload
trace_0455,DECAY,EXPANDING,80,ALIGNED,0.25,PASSED (ALLOCATED),CLEAN
trace_0456,EXPANDING,DIVERGENT,67,ALIGNED,0.25,PASSED (ALLOCATED),CLEAN
trace_0457,REACCELERATION,DIVERGENT,28,ALIGNED,0.25,PASSED (ALLOCATED),CLEAN
trace_0458,REACCELERATION,EXPANDING,33,NEUTRAL,0.92,VETOED (NEUTRALIZED),False Reacceleration Trap (CVD Convergence)
trace_0459,DECAY,DIVERGENT,37,NEUTRAL,0.25,PASSED (ALLOCATED),CLEAN
trace_0460,EXPANDING,FLAT,42,ALIGNED,0.25,PASSED (ALLOCATED),CLEAN
trace_0461,DECAY,FLAT,81,LIQUIDATION_WARNING,0.88,VETOED (NEUTRALIZED),Anti-Delta Pressure Overload
trace_0462,DECAY,EXPANDING,28,NEUTRAL,0.25,PASSED (ALLOCATED),CLEAN
trace_0463,DECAY,FLAT,45,ALIGNED,0.25,PASSED (ALLOCATED),CLEAN
trace_0464,EXPANDING,EXPANDING,60,LIQUIDATION_WARNING,0.95,VETOED (NEUTRALIZED),RTS Liquidation Cascade Warning
trace_0465,REACCELERATION,DIVERGENT,89,ALIGNED,0.88,VETOED (NEUTRALIZED),Anti-Delta Pressure Overload
trace_0466,REACCELERATION,FLAT,44,ALIGNED,0.92,VETOED (NEUTRALIZED),False Reacceleration Trap (CVD Convergence)
trace_0467,REACCELERATION,FLAT,26,LIQUIDATION_WARNING,0.92,VETOED (NEUTRALIZED),False Reacceleration Trap (CVD Convergence)
trace_0468,DECAY,FLAT,67,ALIGNED,0.25,PASSED (ALLOCATED),CLEAN
trace_0469,REACCELERATION,FLAT,69,NEUTRAL,0.92,VETOED (NEUTRALIZED),False Reacceleration Trap (CVD Convergence)
trace_0470,REACCELERATION,EXPANDING,83,ALIGNED,0.92,VETOED (NEUTRALIZED),False Reacceleration Trap (CVD Convergence)
trace_0471,REACCELERATION,DIVERGENT,30,ALIGNED,0.25,PASSED (ALLOCATED),CLEAN
trace_0472,DECAY,FLAT,43,ALIGNED,0.25,PASSED (ALLOCATED),CLEAN
trace_0473,DECAY,FLAT,30,ALIGNED,0.25,PASSED (ALLOCATED),CLEAN
trace_0474,REACCELERATION,DIVERGENT,77,ALIGNED,0.25,PASSED (ALLOCATED),CLEAN
trace_0475,DECAY,DIVERGENT,76,ALIGNED,0.25,PASSED (ALLOCATED),CLEAN
trace_0476,REACCELERATION,FLAT,65,ALIGNED,0.92,VETOED (NEUTRALIZED),False Reacceleration Trap (CVD Convergence)
trace_0477,DECAY,FLAT,27,ALIGNED,0.25,PASSED (ALLOCATED),CLEAN
trace_0478,EXPANDING,DIVERGENT,66,NEUTRAL,0.25,PASSED (ALLOCATED),CLEAN
trace_0479,DECAY,DIVERGENT,23,NEUTRAL,0.25,PASSED (ALLOCATED),CLEAN
trace_0480,EXPANDING,DIVERGENT,76,NEUTRAL,0.25,PASSED (ALLOCATED),CLEAN
trace_0481,EXPANDING,EXPANDING,66,ALIGNED,0.25,PASSED (ALLOCATED),CLEAN
trace_0482,REACCELERATION,FLAT,24,LIQUIDATION_WARNING,0.92,VETOED (NEUTRALIZED),False Reacceleration Trap (CVD Convergence)
trace_0483,DECAY,EXPANDING,67,NEUTRAL,0.25,PASSED (ALLOCATED),CLEAN
trace_0484,REACCELERATION,FLAT,93,NEUTRAL,0.92,VETOED (NEUTRALIZED),False Reacceleration Trap (CVD Convergence)
trace_0485,EXPANDING,DIVERGENT,60,ALIGNED,0.25,PASSED (ALLOCATED),CLEAN
trace_0486,DECAY,FLAT,34,ALIGNED,0.25,PASSED (ALLOCATED),CLEAN
trace_0487,EXPANDING,DIVERGENT,86,ALIGNED,0.88,VETOED (NEUTRALIZED),Anti-Delta Pressure Overload
trace_0488,REACCELERATION,DIVERGENT,53,ALIGNED,0.25,PASSED (ALLOCATED),CLEAN
trace_0489,DECAY,FLAT,56,ALIGNED,0.25,PASSED (ALLOCATED),CLEAN
trace_0490,DECAY,FLAT,37,ALIGNED,0.25,PASSED (ALLOCATED),CLEAN
trace_0491,EXPANDING,FLAT,76,ALIGNED,0.25,PASSED (ALLOCATED),CLEAN
trace_0492,EXPANDING,DIVERGENT,60,LIQUIDATION_WARNING,0.95,VETOED (NEUTRALIZED),RTS Liquidation Cascade Warning
trace_0493,DECAY,FLAT,90,NEUTRAL,0.88,VETOED (NEUTRALIZED),Anti-Delta Pressure Overload
trace_0494,DECAY,FLAT,40,LIQUIDATION_WARNING,0.95,VETOED (NEUTRALIZED),RTS Liquidation Cascade Warning
trace_0495,DECAY,DIVERGENT,42,LIQUIDATION_WARNING,0.95,VETOED (NEUTRALIZED),RTS Liquidation Cascade Warning
trace_0496,REACCELERATION,DIVERGENT,45,ALIGNED,0.25,PASSED (ALLOCATED),CLEAN
trace_0497,EXPANDING,EXPANDING,23,NEUTRAL,0.25,PASSED (ALLOCATED),CLEAN
trace_0498,REACCELERATION,DIVERGENT,79,ALIGNED,0.25,PASSED (ALLOCATED),CLEAN
trace_0499,DECAY,EXPANDING,31,NEUTRAL,0.25,PASSED (ALLOCATED),CLEAN
trace_0500,EXPANDING,FLAT,81,ALIGNED,0.88,VETOED (NEUTRALIZED),Anti-Delta Pressure Overload
trace_0501,DECAY,FLAT,93,NEUTRAL,0.88,VETOED (NEUTRALIZED),Anti-Delta Pressure Overload
trace_0502,EXPANDING,EXPANDING,29,LIQUIDATION_WARNING,0.95,VETOED (NEUTRALIZED),RTS Liquidation Cascade Warning
trace_0503,REACCELERATION,FLAT,64,NEUTRAL,0.92,VETOED (NEUTRALIZED),False Reacceleration Trap (CVD Convergence)
trace_0504,EXPANDING,DIVERGENT,43,NEUTRAL,0.25,PASSED (ALLOCATED),CLEAN
trace_0505,EXPANDING,FLAT,27,ALIGNED,0.25,PASSED (ALLOCATED),CLEAN
trace_0506,EXPANDING,DIVERGENT,41,ALIGNED,0.25,PASSED (ALLOCATED),CLEAN
trace_0507,EXPANDING,FLAT,48,LIQUIDATION_WARNING,0.95,VETOED (NEUTRALIZED),RTS Liquidation Cascade Warning
trace_0508,REACCELERATION,DIVERGENT,30,LIQUIDATION_WARNING,0.95,VETOED (NEUTRALIZED),RTS Liquidation Cascade Warning
trace_0509,REACCELERATION,EXPANDING,90,NEUTRAL,0.92,VETOED (NEUTRALIZED),False Reacceleration Trap (CVD Convergence)
trace_0510,REACCELERATION,EXPANDING,88,NEUTRAL,0.92,VETOED (NEUTRALIZED),False Reacceleration Trap (CVD Convergence)
trace_0511,EXPANDING,DIVERGENT,95,NEUTRAL,0.88,VETOED (NEUTRALIZED),Anti-Delta Pressure Overload
trace_0512,DECAY,EXPANDING,63,ALIGNED,0.25,PASSED (ALLOCATED),CLEAN
trace_0513,DECAY,EXPANDING,23,NEUTRAL,0.25,PASSED (ALLOCATED),CLEAN
trace_0514,EXPANDING,EXPANDING,93,LIQUIDATION_WARNING,0.88,VETOED (NEUTRALIZED),Anti-Delta Pressure Overload
trace_0515,REACCELERATION,DIVERGENT,93,ALIGNED,0.88,VETOED (NEUTRALIZED),Anti-Delta Pressure Overload
trace_0516,REACCELERATION,DIVERGENT,83,NEUTRAL,0.88,VETOED (NEUTRALIZED),Anti-Delta Pressure Overload
trace_0517,DECAY,DIVERGENT,58,ALIGNED,0.25,PASSED (ALLOCATED),CLEAN
trace_0518,REACCELERATION,EXPANDING,71,NEUTRAL,0.92,VETOED (NEUTRALIZED),False Reacceleration Trap (CVD Convergence)
trace_0519,REACCELERATION,FLAT,27,ALIGNED,0.92,VETOED (NEUTRALIZED),False Reacceleration Trap (CVD Convergence)
trace_0520,EXPANDING,FLAT,79,ALIGNED,0.25,PASSED (ALLOCATED),CLEAN
trace_0521,EXPANDING,FLAT,60,NEUTRAL,0.25,PASSED (ALLOCATED),CLEAN
trace_0522,DECAY,FLAT,64,NEUTRAL,0.25,PASSED (ALLOCATED),CLEAN
trace_0523,REACCELERATION,EXPANDING,85,NEUTRAL,0.92,VETOED (NEUTRALIZED),False Reacceleration Trap (CVD Convergence)
trace_0524,DECAY,EXPANDING,79,ALIGNED,0.25,PASSED (ALLOCATED),CLEAN
trace_0525,EXPANDING,FLAT,38,ALIGNED,0.25,PASSED (ALLOCATED),CLEAN
trace_0526,EXPANDING,EXPANDING,69,ALIGNED,0.25,PASSED (ALLOCATED),CLEAN
trace_0527,DECAY,FLAT,40,ALIGNED,0.25,PASSED (ALLOCATED),CLEAN
trace_0528,REACCELERATION,DIVERGENT,44,NEUTRAL,0.25,PASSED (ALLOCATED),CLEAN
trace_0529,EXPANDING,FLAT,79,LIQUIDATION_WARNING,0.95,VETOED (NEUTRALIZED),RTS Liquidation Cascade Warning
trace_0530,REACCELERATION,FLAT,31,ALIGNED,0.92,VETOED (NEUTRALIZED),False Reacceleration Trap (CVD Convergence)
trace_0531,REACCELERATION,DIVERGENT,50,ALIGNED,0.25,PASSED (ALLOCATED),CLEAN
trace_0532,EXPANDING,DIVERGENT,26,ALIGNED,0.25,PASSED (ALLOCATED),CLEAN
trace_0533,REACCELERATION,FLAT,80,ALIGNED,0.92,VETOED (NEUTRALIZED),False Reacceleration Trap (CVD Convergence)
trace_0534,REACCELERATION,DIVERGENT,33,ALIGNED,0.25,PASSED (ALLOCATED),CLEAN
trace_0535,REACCELERATION,EXPANDING,66,LIQUIDATION_WARNING,0.92,VETOED (NEUTRALIZED),False Reacceleration Trap (CVD Convergence)
trace_0536,REACCELERATION,FLAT,26,ALIGNED,0.92,VETOED (NEUTRALIZED),False Reacceleration Trap (CVD Convergence)
trace_0537,DECAY,DIVERGENT,90,ALIGNED,0.88,VETOED (NEUTRALIZED),Anti-Delta Pressure Overload
trace_0538,REACCELERATION,EXPANDING,77,ALIGNED,0.92,VETOED (NEUTRALIZED),False Reacceleration Trap (CVD Convergence)
trace_0539,DECAY,FLAT,35,NEUTRAL,0.25,PASSED (ALLOCATED),CLEAN
trace_0540,EXPANDING,EXPANDING,63,ALIGNED,0.25,PASSED (ALLOCATED),CLEAN
trace_0541,DECAY,FLAT,45,NEUTRAL,0.25,PASSED (ALLOCATED),CLEAN
trace_0542,DECAY,DIVERGENT,25,ALIGNED,0.25,PASSED (ALLOCATED),CLEAN
trace_0543,EXPANDING,EXPANDING,62,ALIGNED,0.25,PASSED (ALLOCATED),CLEAN
trace_0544,REACCELERATION,DIVERGENT,85,ALIGNED,0.88,VETOED (NEUTRALIZED),Anti-Delta Pressure Overload
trace_0545,EXPANDING,FLAT,60,LIQUIDATION_WARNING,0.95,VETOED (NEUTRALIZED),RTS Liquidation Cascade Warning
trace_0546,EXPANDING,FLAT,58,LIQUIDATION_WARNING,0.95,VETOED (NEUTRALIZED),RTS Liquidation Cascade Warning
trace_0547,DECAY,FLAT,85,ALIGNED,0.88,VETOED (NEUTRALIZED),Anti-Delta Pressure Overload
trace_0548,DECAY,FLAT,58,NEUTRAL,0.25,PASSED (ALLOCATED),CLEAN
trace_0549,REACCELERATION,EXPANDING,34,ALIGNED,0.92,VETOED (NEUTRALIZED),False Reacceleration Trap (CVD Convergence)
trace_0550,REACCELERATION,DIVERGENT,23,ALIGNED,0.25,PASSED (ALLOCATED),CLEAN
trace_0551,DECAY,FLAT,94,ALIGNED,0.88,VETOED (NEUTRALIZED),Anti-Delta Pressure Overload
trace_0552,DECAY,EXPANDING,94,NEUTRAL,0.88,VETOED (NEUTRALIZED),Anti-Delta Pressure Overload
trace_0553,REACCELERATION,EXPANDING,68,ALIGNED,0.92,VETOED (NEUTRALIZED),False Reacceleration Trap (CVD Convergence)
trace_0554,EXPANDING,DIVERGENT,93,ALIGNED,0.88,VETOED (NEUTRALIZED),Anti-Delta Pressure Overload
trace_0555,DECAY,EXPANDING,76,ALIGNED,0.25,PASSED (ALLOCATED),CLEAN
trace_0556,REACCELERATION,FLAT,46,ALIGNED,0.92,VETOED (NEUTRALIZED),False Reacceleration Trap (CVD Convergence)
trace_0557,REACCELERATION,DIVERGENT,80,NEUTRAL,0.25,PASSED (ALLOCATED),CLEAN
trace_0558,DECAY,DIVERGENT,37,ALIGNED,0.25,PASSED (ALLOCATED),CLEAN
trace_0559,DECAY,EXPANDING,81,ALIGNED,0.88,VETOED (NEUTRALIZED),Anti-Delta Pressure Overload
trace_0560,DECAY,FLAT,42,ALIGNED,0.25,PASSED (ALLOCATED),CLEAN
trace_0561,REACCELERATION,DIVERGENT,65,ALIGNED,0.25,PASSED (ALLOCATED),CLEAN
trace_0562,DECAY,DIVERGENT,53,NEUTRAL,0.25,PASSED (ALLOCATED),CLEAN
trace_0563,DECAY,FLAT,51,ALIGNED,0.25,PASSED (ALLOCATED),CLEAN
trace_0564,REACCELERATION,DIVERGENT,58,ALIGNED,0.25,PASSED (ALLOCATED),CLEAN
trace_0565,REACCELERATION,DIVERGENT,82,ALIGNED,0.88,VETOED (NEUTRALIZED),Anti-Delta Pressure Overload
trace_0566,REACCELERATION,FLAT,55,ALIGNED,0.92,VETOED (NEUTRALIZED),False Reacceleration Trap (CVD Convergence)
trace_0567,REACCELERATION,EXPANDING,89,ALIGNED,0.92,VETOED (NEUTRALIZED),False Reacceleration Trap (CVD Convergence)
trace_0568,REACCELERATION,FLAT,38,NEUTRAL,0.92,VETOED (NEUTRALIZED),False Reacceleration Trap (CVD Convergence)
trace_0569,REACCELERATION,EXPANDING,30,ALIGNED,0.92,VETOED (NEUTRALIZED),False Reacceleration Trap (CVD Convergence)
trace_0570,REACCELERATION,FLAT,81,NEUTRAL,0.92,VETOED (NEUTRALIZED),False Reacceleration Trap (CVD Convergence)
trace_0571,EXPANDING,EXPANDING,54,NEUTRAL,0.25,PASSED (ALLOCATED),CLEAN
trace_0572,DECAY,DIVERGENT,33,ALIGNED,0.25,PASSED (ALLOCATED),CLEAN
trace_0573,DECAY,DIVERGENT,51,ALIGNED,0.25,PASSED (ALLOCATED),CLEAN
trace_0574,EXPANDING,DIVERGENT,48,LIQUIDATION_WARNING,0.95,VETOED (NEUTRALIZED),RTS Liquidation Cascade Warning
trace_0575,DECAY,EXPANDING,72,ALIGNED,0.25,PASSED (ALLOCATED),CLEAN
trace_0576,REACCELERATION,DIVERGENT,37,ALIGNED,0.25,PASSED (ALLOCATED),CLEAN
trace_0577,EXPANDING,DIVERGENT,40,LIQUIDATION_WARNING,0.95,VETOED (NEUTRALIZED),RTS Liquidation Cascade Warning
trace_0578,REACCELERATION,DIVERGENT,80,LIQUIDATION_WARNING,0.95,VETOED (NEUTRALIZED),RTS Liquidation Cascade Warning
trace_0579,REACCELERATION,DIVERGENT,56,ALIGNED,0.25,PASSED (ALLOCATED),CLEAN
trace_0580,REACCELERATION,FLAT,31,NEUTRAL,0.92,VETOED (NEUTRALIZED),False Reacceleration Trap (CVD Convergence)
trace_0581,DECAY,DIVERGENT,24,ALIGNED,0.25,PASSED (ALLOCATED),CLEAN
trace_0582,EXPANDING,FLAT,42,LIQUIDATION_WARNING,0.95,VETOED (NEUTRALIZED),RTS Liquidation Cascade Warning
trace_0583,EXPANDING,FLAT,43,NEUTRAL,0.25,PASSED (ALLOCATED),CLEAN
trace_0584,DECAY,FLAT,21,LIQUIDATION_WARNING,0.95,VETOED (NEUTRALIZED),RTS Liquidation Cascade Warning
trace_0585,REACCELERATION,DIVERGENT,62,NEUTRAL,0.25,PASSED (ALLOCATED),CLEAN
trace_0586,REACCELERATION,FLAT,89,LIQUIDATION_WARNING,0.92,VETOED (NEUTRALIZED),False Reacceleration Trap (CVD Convergence)
trace_0587,DECAY,FLAT,37,LIQUIDATION_WARNING,0.95,VETOED (NEUTRALIZED),RTS Liquidation Cascade Warning
trace_0588,DECAY,FLAT,34,ALIGNED,0.25,PASSED (ALLOCATED),CLEAN
trace_0589,REACCELERATION,EXPANDING,52,NEUTRAL,0.92,VETOED (NEUTRALIZED),False Reacceleration Trap (CVD Convergence)
trace_0590,DECAY,EXPANDING,63,ALIGNED,0.25,PASSED (ALLOCATED),CLEAN
trace_0591,REACCELERATION,DIVERGENT,44,NEUTRAL,0.25,PASSED (ALLOCATED),CLEAN
trace_0592,EXPANDING,DIVERGENT,71,LIQUIDATION_WARNING,0.95,VETOED (NEUTRALIZED),RTS Liquidation Cascade Warning
trace_0593,REACCELERATION,DIVERGENT,71,ALIGNED,0.25,PASSED (ALLOCATED),CLEAN
trace_0594,DECAY,EXPANDING,37,ALIGNED,0.25,PASSED (ALLOCATED),CLEAN
trace_0595,REACCELERATION,FLAT,20,LIQUIDATION_WARNING,0.92,VETOED (NEUTRALIZED),False Reacceleration Trap (CVD Convergence)
trace_0596,REACCELERATION,FLAT,54,ALIGNED,0.92,VETOED (NEUTRALIZED),False Reacceleration Trap (CVD Convergence)
trace_0597,REACCELERATION,FLAT,93,ALIGNED,0.92,VETOED (NEUTRALIZED),False Reacceleration Trap (CVD Convergence)
trace_0598,EXPANDING,FLAT,50,NEUTRAL,0.25,PASSED (ALLOCATED),CLEAN
trace_0599,EXPANDING,DIVERGENT,59,ALIGNED,0.25,PASSED (ALLOCATED),CLEAN
trace_0600,EXPANDING,FLAT,59,NEUTRAL,0.25,PASSED (ALLOCATED),CLEAN
trace_0601,DECAY,EXPANDING,57,NEUTRAL,0.25,PASSED (ALLOCATED),CLEAN
trace_0602,REACCELERATION,DIVERGENT,37,ALIGNED,0.25,PASSED (ALLOCATED),CLEAN
trace_0603,REACCELERATION,EXPANDING,67,ALIGNED,0.92,VETOED (NEUTRALIZED),False Reacceleration Trap (CVD Convergence)
trace_0604,REACCELERATION,DIVERGENT,80,ALIGNED,0.25,PASSED (ALLOCATED),CLEAN
trace_0605,DECAY,DIVERGENT,51,NEUTRAL,0.25,PASSED (ALLOCATED),CLEAN
trace_0606,DECAY,DIVERGENT,30,LIQUIDATION_WARNING,0.95,VETOED (NEUTRALIZED),RTS Liquidation Cascade Warning
trace_0607,DECAY,FLAT,66,ALIGNED,0.25,PASSED (ALLOCATED),CLEAN
trace_0608,EXPANDING,DIVERGENT,90,ALIGNED,0.88,VETOED (NEUTRALIZED),Anti-Delta Pressure Overload
trace_0609,DECAY,EXPANDING,39,ALIGNED,0.25,PASSED (ALLOCATED),CLEAN
trace_0610,EXPANDING,FLAT,76,LIQUIDATION_WARNING,0.95,VETOED (NEUTRALIZED),RTS Liquidation Cascade Warning
trace_0611,EXPANDING,DIVERGENT,94,ALIGNED,0.88,VETOED (NEUTRALIZED),Anti-Delta Pressure Overload
trace_0612,REACCELERATION,EXPANDING,77,LIQUIDATION_WARNING,0.92,VETOED (NEUTRALIZED),False Reacceleration Trap (CVD Convergence)
trace_0613,EXPANDING,FLAT,73,ALIGNED,0.25,PASSED (ALLOCATED),CLEAN
trace_0614,REACCELERATION,DIVERGENT,79,ALIGNED,0.25,PASSED (ALLOCATED),CLEAN
trace_0615,DECAY,FLAT,70,NEUTRAL,0.25,PASSED (ALLOCATED),CLEAN
trace_0616,REACCELERATION,EXPANDING,94,NEUTRAL,0.92,VETOED (NEUTRALIZED),False Reacceleration Trap (CVD Convergence)
trace_0617,EXPANDING,EXPANDING,28,ALIGNED,0.25,PASSED (ALLOCATED),CLEAN
trace_0618,DECAY,EXPANDING,28,LIQUIDATION_WARNING,0.95,VETOED (NEUTRALIZED),RTS Liquidation Cascade Warning
trace_0619,REACCELERATION,EXPANDING,43,ALIGNED,0.92,VETOED (NEUTRALIZED),False Reacceleration Trap (CVD Convergence)
trace_0620,EXPANDING,DIVERGENT,73,LIQUIDATION_WARNING,0.95,VETOED (NEUTRALIZED),RTS Liquidation Cascade Warning
trace_0621,REACCELERATION,FLAT,68,ALIGNED,0.92,VETOED (NEUTRALIZED),False Reacceleration Trap (CVD Convergence)
trace_0622,REACCELERATION,EXPANDING,89,NEUTRAL,0.92,VETOED (NEUTRALIZED),False Reacceleration Trap (CVD Convergence)
trace_0623,EXPANDING,DIVERGENT,35,LIQUIDATION_WARNING,0.95,VETOED (NEUTRALIZED),RTS Liquidation Cascade Warning
trace_0624,EXPANDING,DIVERGENT,36,ALIGNED,0.25,PASSED (ALLOCATED),CLEAN
trace_0625,DECAY,EXPANDING,22,NEUTRAL,0.25,PASSED (ALLOCATED),CLEAN
trace_0626,REACCELERATION,FLAT,89,NEUTRAL,0.92,VETOED (NEUTRALIZED),False Reacceleration Trap (CVD Convergence)
trace_0627,REACCELERATION,DIVERGENT,49,ALIGNED,0.25,PASSED (ALLOCATED),CLEAN
trace_0628,EXPANDING,FLAT,55,ALIGNED,0.25,PASSED (ALLOCATED),CLEAN
trace_0629,EXPANDING,DIVERGENT,24,NEUTRAL,0.25,PASSED (ALLOCATED),CLEAN
trace_0630,DECAY,FLAT,22,NEUTRAL,0.25,PASSED (ALLOCATED),CLEAN
trace_0631,EXPANDING,EXPANDING,24,ALIGNED,0.25,PASSED (ALLOCATED),CLEAN
trace_0632,REACCELERATION,DIVERGENT,26,NEUTRAL,0.25,PASSED (ALLOCATED),CLEAN
trace_0633,EXPANDING,DIVERGENT,76,ALIGNED,0.25,PASSED (ALLOCATED),CLEAN
trace_0634,EXPANDING,DIVERGENT,27,ALIGNED,0.25,PASSED (ALLOCATED),CLEAN
trace_0635,EXPANDING,DIVERGENT,49,LIQUIDATION_WARNING,0.95,VETOED (NEUTRALIZED),RTS Liquidation Cascade Warning
trace_0636,DECAY,DIVERGENT,61,ALIGNED,0.25,PASSED (ALLOCATED),CLEAN
trace_0637,EXPANDING,FLAT,86,LIQUIDATION_WARNING,0.88,VETOED (NEUTRALIZED),Anti-Delta Pressure Overload
trace_0638,EXPANDING,FLAT,27,ALIGNED,0.25,PASSED (ALLOCATED),CLEAN
trace_0639,DECAY,DIVERGENT,42,LIQUIDATION_WARNING,0.95,VETOED (NEUTRALIZED),RTS Liquidation Cascade Warning
trace_0640,DECAY,DIVERGENT,83,ALIGNED,0.88,VETOED (NEUTRALIZED),Anti-Delta Pressure Overload
trace_0641,EXPANDING,FLAT,68,LIQUIDATION_WARNING,0.95,VETOED (NEUTRALIZED),RTS Liquidation Cascade Warning
trace_0642,DECAY,FLAT,72,NEUTRAL,0.25,PASSED (ALLOCATED),CLEAN
trace_0643,EXPANDING,FLAT,88,ALIGNED,0.88,VETOED (NEUTRALIZED),Anti-Delta Pressure Overload
trace_0644,REACCELERATION,EXPANDING,58,NEUTRAL,0.92,VETOED (NEUTRALIZED),False Reacceleration Trap (CVD Convergence)
trace_0645,DECAY,EXPANDING,27,NEUTRAL,0.25,PASSED (ALLOCATED),CLEAN
trace_0646,DECAY,FLAT,91,LIQUIDATION_WARNING,0.88,VETOED (NEUTRALIZED),Anti-Delta Pressure Overload
trace_0647,DECAY,EXPANDING,52,ALIGNED,0.25,PASSED (ALLOCATED),CLEAN
trace_0648,EXPANDING,FLAT,77,NEUTRAL,0.25,PASSED (ALLOCATED),CLEAN
trace_0649,REACCELERATION,EXPANDING,44,ALIGNED,0.92,VETOED (NEUTRALIZED),False Reacceleration Trap (CVD Convergence)
trace_0650,EXPANDING,FLAT,25,ALIGNED,0.25,PASSED (ALLOCATED),CLEAN
trace_0651,EXPANDING,EXPANDING,95,NEUTRAL,0.88,VETOED (NEUTRALIZED),Anti-Delta Pressure Overload
trace_0652,DECAY,DIVERGENT,81,ALIGNED,0.88,VETOED (NEUTRALIZED),Anti-Delta Pressure Overload
trace_0653,EXPANDING,FLAT,21,ALIGNED,0.25,PASSED (ALLOCATED),CLEAN
trace_0654,EXPANDING,EXPANDING,35,LIQUIDATION_WARNING,0.95,VETOED (NEUTRALIZED),RTS Liquidation Cascade Warning
trace_0655,DECAY,FLAT,46,LIQUIDATION_WARNING,0.95,VETOED (NEUTRALIZED),RTS Liquidation Cascade Warning
trace_0656,REACCELERATION,EXPANDING,56,ALIGNED,0.92,VETOED (NEUTRALIZED),False Reacceleration Trap (CVD Convergence)
trace_0657,REACCELERATION,FLAT,65,ALIGNED,0.92,VETOED (NEUTRALIZED),False Reacceleration Trap (CVD Convergence)
trace_0658,REACCELERATION,FLAT,83,ALIGNED,0.92,VETOED (NEUTRALIZED),False Reacceleration Trap (CVD Convergence)
trace_0659,REACCELERATION,EXPANDING,80,NEUTRAL,0.92,VETOED (NEUTRALIZED),False Reacceleration Trap (CVD Convergence)
trace_0660,REACCELERATION,EXPANDING,72,ALIGNED,0.92,VETOED (NEUTRALIZED),False Reacceleration Trap (CVD Convergence)
trace_0661,EXPANDING,DIVERGENT,38,LIQUIDATION_WARNING,0.95,VETOED (NEUTRALIZED),RTS Liquidation Cascade Warning
trace_0662,EXPANDING,FLAT,94,ALIGNED,0.88,VETOED (NEUTRALIZED),Anti-Delta Pressure Overload
trace_0663,DECAY,DIVERGENT,39,ALIGNED,0.25,PASSED (ALLOCATED),CLEAN
trace_0664,EXPANDING,FLAT,92,ALIGNED,0.88,VETOED (NEUTRALIZED),Anti-Delta Pressure Overload
trace_0665,EXPANDING,FLAT,63,ALIGNED,0.25,PASSED (ALLOCATED),CLEAN
trace_0666,REACCELERATION,FLAT,82,LIQUIDATION_WARNING,0.92,VETOED (NEUTRALIZED),False Reacceleration Trap (CVD Convergence)
trace_0667,REACCELERATION,EXPANDING,65,NEUTRAL,0.92,VETOED (NEUTRALIZED),False Reacceleration Trap (CVD Convergence)
trace_0668,EXPANDING,EXPANDING,82,NEUTRAL,0.88,VETOED (NEUTRALIZED),Anti-Delta Pressure Overload
trace_0669,EXPANDING,DIVERGENT,27,LIQUIDATION_WARNING,0.95,VETOED (NEUTRALIZED),RTS Liquidation Cascade Warning
trace_0670,DECAY,EXPANDING,29,NEUTRAL,0.25,PASSED (ALLOCATED),CLEAN
trace_0671,DECAY,EXPANDING,72,NEUTRAL,0.25,PASSED (ALLOCATED),CLEAN
trace_0672,EXPANDING,DIVERGENT,39,ALIGNED,0.25,PASSED (ALLOCATED),CLEAN
trace_0673,EXPANDING,EXPANDING,67,ALIGNED,0.25,PASSED (ALLOCATED),CLEAN
trace_0674,EXPANDING,DIVERGENT,81,NEUTRAL,0.88,VETOED (NEUTRALIZED),Anti-Delta Pressure Overload
trace_0675,DECAY,FLAT,88,ALIGNED,0.88,VETOED (NEUTRALIZED),Anti-Delta Pressure Overload
trace_0676,DECAY,FLAT,87,ALIGNED,0.88,VETOED (NEUTRALIZED),Anti-Delta Pressure Overload
trace_0677,DECAY,FLAT,56,ALIGNED,0.25,PASSED (ALLOCATED),CLEAN
trace_0678,EXPANDING,DIVERGENT,75,NEUTRAL,0.25,PASSED (ALLOCATED),CLEAN
trace_0679,EXPANDING,EXPANDING,87,LIQUIDATION_WARNING,0.88,VETOED (NEUTRALIZED),Anti-Delta Pressure Overload
trace_0680,EXPANDING,EXPANDING,87,ALIGNED,0.88,VETOED (NEUTRALIZED),Anti-Delta Pressure Overload
trace_0681,REACCELERATION,FLAT,70,ALIGNED,0.92,VETOED (NEUTRALIZED),False Reacceleration Trap (CVD Convergence)
trace_0682,EXPANDING,FLAT,78,LIQUIDATION_WARNING,0.95,VETOED (NEUTRALIZED),RTS Liquidation Cascade Warning
trace_0683,DECAY,EXPANDING,48,LIQUIDATION_WARNING,0.95,VETOED (NEUTRALIZED),RTS Liquidation Cascade Warning
trace_0684,REACCELERATION,DIVERGENT,30,NEUTRAL,0.25,PASSED (ALLOCATED),CLEAN
trace_0685,DECAY,DIVERGENT,31,NEUTRAL,0.25,PASSED (ALLOCATED),CLEAN
trace_0686,REACCELERATION,FLAT,80,ALIGNED,0.92,VETOED (NEUTRALIZED),False Reacceleration Trap (CVD Convergence)
trace_0687,EXPANDING,DIVERGENT,41,ALIGNED,0.25,PASSED (ALLOCATED),CLEAN
trace_0688,EXPANDING,FLAT,62,NEUTRAL,0.25,PASSED (ALLOCATED),CLEAN
trace_0689,DECAY,EXPANDING,25,LIQUIDATION_WARNING,0.95,VETOED (NEUTRALIZED),RTS Liquidation Cascade Warning
trace_0690,EXPANDING,EXPANDING,92,LIQUIDATION_WARNING,0.88,VETOED (NEUTRALIZED),Anti-Delta Pressure Overload
trace_0691,REACCELERATION,FLAT,29,ALIGNED,0.92,VETOED (NEUTRALIZED),False Reacceleration Trap (CVD Convergence)
trace_0692,DECAY,FLAT,92,LIQUIDATION_WARNING,0.88,VETOED (NEUTRALIZED),Anti-Delta Pressure Overload
trace_0693,DECAY,EXPANDING,60,ALIGNED,0.25,PASSED (ALLOCATED),CLEAN
trace_0694,EXPANDING,EXPANDING,70,ALIGNED,0.25,PASSED (ALLOCATED),CLEAN
trace_0695,EXPANDING,FLAT,50,ALIGNED,0.25,PASSED (ALLOCATED),CLEAN
trace_0696,DECAY,FLAT,89,NEUTRAL,0.88,VETOED (NEUTRALIZED),Anti-Delta Pressure Overload
trace_0697,REACCELERATION,FLAT,37,NEUTRAL,0.92,VETOED (NEUTRALIZED),False Reacceleration Trap (CVD Convergence)
trace_0698,DECAY,DIVERGENT,64,ALIGNED,0.25,PASSED (ALLOCATED),CLEAN
trace_0699,EXPANDING,EXPANDING,29,ALIGNED,0.25,PASSED (ALLOCATED),CLEAN
trace_0700,REACCELERATION,DIVERGENT,70,NEUTRAL,0.25,PASSED (ALLOCATED),CLEAN
trace_0701,REACCELERATION,EXPANDING,77,NEUTRAL,0.92,VETOED (NEUTRALIZED),False Reacceleration Trap (CVD Convergence)
trace_0702,REACCELERATION,EXPANDING,68,ALIGNED,0.92,VETOED (NEUTRALIZED),False Reacceleration Trap (CVD Convergence)
trace_0703,REACCELERATION,EXPANDING,68,NEUTRAL,0.92,VETOED (NEUTRALIZED),False Reacceleration Trap (CVD Convergence)
trace_0704,EXPANDING,DIVERGENT,51,ALIGNED,0.25,PASSED (ALLOCATED),CLEAN
trace_0705,DECAY,EXPANDING,39,ALIGNED,0.25,PASSED (ALLOCATED),CLEAN
trace_0706,REACCELERATION,DIVERGENT,39,NEUTRAL,0.25,PASSED (ALLOCATED),CLEAN
trace_0707,DECAY,FLAT,33,ALIGNED,0.25,PASSED (ALLOCATED),CLEAN
trace_0708,EXPANDING,EXPANDING,76,LIQUIDATION_WARNING,0.95,VETOED (NEUTRALIZED),RTS Liquidation Cascade Warning
trace_0709,REACCELERATION,FLAT,31,ALIGNED,0.92,VETOED (NEUTRALIZED),False Reacceleration Trap (CVD Convergence)
trace_0710,EXPANDING,FLAT,91,ALIGNED,0.88,VETOED (NEUTRALIZED),Anti-Delta Pressure Overload
trace_0711,DECAY,FLAT,31,ALIGNED,0.25,PASSED (ALLOCATED),CLEAN
trace_0712,REACCELERATION,DIVERGENT,61,ALIGNED,0.25,PASSED (ALLOCATED),CLEAN
trace_0713,REACCELERATION,EXPANDING,69,ALIGNED,0.92,VETOED (NEUTRALIZED),False Reacceleration Trap (CVD Convergence)
trace_0714,EXPANDING,DIVERGENT,51,LIQUIDATION_WARNING,0.95,VETOED (NEUTRALIZED),RTS Liquidation Cascade Warning
trace_0715,DECAY,DIVERGENT,68,ALIGNED,0.25,PASSED (ALLOCATED),CLEAN
trace_0716,EXPANDING,EXPANDING,54,ALIGNED,0.25,PASSED (ALLOCATED),CLEAN
trace_0717,REACCELERATION,EXPANDING,75,ALIGNED,0.92,VETOED (NEUTRALIZED),False Reacceleration Trap (CVD Convergence)
trace_0718,REACCELERATION,FLAT,29,ALIGNED,0.92,VETOED (NEUTRALIZED),False Reacceleration Trap (CVD Convergence)
trace_0719,REACCELERATION,FLAT,83,LIQUIDATION_WARNING,0.92,VETOED (NEUTRALIZED),False Reacceleration Trap (CVD Convergence)
trace_0720,DECAY,DIVERGENT,33,ALIGNED,0.25,PASSED (ALLOCATED),CLEAN
trace_0721,EXPANDING,FLAT,70,ALIGNED,0.25,PASSED (ALLOCATED),CLEAN
trace_0722,REACCELERATION,DIVERGENT,62,ALIGNED,0.25,PASSED (ALLOCATED),CLEAN
trace_0723,REACCELERATION,FLAT,37,ALIGNED,0.92,VETOED (NEUTRALIZED),False Reacceleration Trap (CVD Convergence)
trace_0724,REACCELERATION,FLAT,45,NEUTRAL,0.92,VETOED (NEUTRALIZED),False Reacceleration Trap (CVD Convergence)
trace_0725,REACCELERATION,FLAT,70,ALIGNED,0.92,VETOED (NEUTRALIZED),False Reacceleration Trap (CVD Convergence)
trace_0726,REACCELERATION,FLAT,82,NEUTRAL,0.92,VETOED (NEUTRALIZED),False Reacceleration Trap (CVD Convergence)
trace_0727,DECAY,EXPANDING,55,ALIGNED,0.25,PASSED (ALLOCATED),CLEAN
trace_0728,REACCELERATION,FLAT,92,ALIGNED,0.92,VETOED (NEUTRALIZED),False Reacceleration Trap (CVD Convergence)
trace_0729,EXPANDING,DIVERGENT,43,LIQUIDATION_WARNING,0.95,VETOED (NEUTRALIZED),RTS Liquidation Cascade Warning
trace_0730,DECAY,DIVERGENT,79,ALIGNED,0.25,PASSED (ALLOCATED),CLEAN
trace_0731,DECAY,EXPANDING,57,ALIGNED,0.25,PASSED (ALLOCATED),CLEAN
trace_0732,DECAY,EXPANDING,72,NEUTRAL,0.25,PASSED (ALLOCATED),CLEAN
trace_0733,DECAY,FLAT,58,ALIGNED,0.25,PASSED (ALLOCATED),CLEAN
trace_0734,EXPANDING,FLAT,74,NEUTRAL,0.25,PASSED (ALLOCATED),CLEAN
trace_0735,REACCELERATION,EXPANDING,81,ALIGNED,0.92,VETOED (NEUTRALIZED),False Reacceleration Trap (CVD Convergence)
trace_0736,DECAY,FLAT,73,ALIGNED,0.25,PASSED (ALLOCATED),CLEAN
trace_0737,DECAY,EXPANDING,66,NEUTRAL,0.25,PASSED (ALLOCATED),CLEAN
trace_0738,DECAY,DIVERGENT,30,ALIGNED,0.25,PASSED (ALLOCATED),CLEAN
trace_0739,EXPANDING,EXPANDING,65,NEUTRAL,0.25,PASSED (ALLOCATED),CLEAN
trace_0740,EXPANDING,DIVERGENT,92,NEUTRAL,0.88,VETOED (NEUTRALIZED),Anti-Delta Pressure Overload
trace_0741,DECAY,DIVERGENT,62,NEUTRAL,0.25,PASSED (ALLOCATED),CLEAN
trace_0742,REACCELERATION,EXPANDING,53,ALIGNED,0.92,VETOED (NEUTRALIZED),False Reacceleration Trap (CVD Convergence)
trace_0743,EXPANDING,DIVERGENT,91,NEUTRAL,0.88,VETOED (NEUTRALIZED),Anti-Delta Pressure Overload
trace_0744,DECAY,DIVERGENT,77,ALIGNED,0.25,PASSED (ALLOCATED),CLEAN
trace_0745,REACCELERATION,FLAT,95,ALIGNED,0.92,VETOED (NEUTRALIZED),False Reacceleration Trap (CVD Convergence)
trace_0746,DECAY,DIVERGENT,23,ALIGNED,0.25,PASSED (ALLOCATED),CLEAN
trace_0747,REACCELERATION,EXPANDING,30,ALIGNED,0.92,VETOED (NEUTRALIZED),False Reacceleration Trap (CVD Convergence)
trace_0748,EXPANDING,DIVERGENT,59,ALIGNED,0.25,PASSED (ALLOCATED),CLEAN
trace_0749,REACCELERATION,FLAT,86,NEUTRAL,0.92,VETOED (NEUTRALIZED),False Reacceleration Trap (CVD Convergence)
trace_0750,REACCELERATION,FLAT,76,ALIGNED,0.92,VETOED (NEUTRALIZED),False Reacceleration Trap (CVD Convergence)
trace_0751,DECAY,DIVERGENT,28,ALIGNED,0.25,PASSED (ALLOCATED),CLEAN
trace_0752,REACCELERATION,EXPANDING,34,NEUTRAL,0.92,VETOED (NEUTRALIZED),False Reacceleration Trap (CVD Convergence)
trace_0753,EXPANDING,FLAT,41,NEUTRAL,0.25,PASSED (ALLOCATED),CLEAN
trace_0754,DECAY,EXPANDING,90,ALIGNED,0.88,VETOED (NEUTRALIZED),Anti-Delta Pressure Overload
trace_0755,EXPANDING,FLAT,79,ALIGNED,0.25,PASSED (ALLOCATED),CLEAN
trace_0756,EXPANDING,FLAT,43,NEUTRAL,0.25,PASSED (ALLOCATED),CLEAN
trace_0757,DECAY,DIVERGENT,23,ALIGNED,0.25,PASSED (ALLOCATED),CLEAN
trace_0758,DECAY,DIVERGENT,77,LIQUIDATION_WARNING,0.95,VETOED (NEUTRALIZED),RTS Liquidation Cascade Warning
trace_0759,DECAY,FLAT,47,ALIGNED,0.25,PASSED (ALLOCATED),CLEAN
trace_0760,EXPANDING,FLAT,28,NEUTRAL,0.25,PASSED (ALLOCATED),CLEAN
trace_0761,DECAY,EXPANDING,88,NEUTRAL,0.88,VETOED (NEUTRALIZED),Anti-Delta Pressure Overload
trace_0762,EXPANDING,FLAT,78,ALIGNED,0.25,PASSED (ALLOCATED),CLEAN
trace_0763,EXPANDING,FLAT,82,NEUTRAL,0.88,VETOED (NEUTRALIZED),Anti-Delta Pressure Overload
trace_0764,DECAY,DIVERGENT,69,ALIGNED,0.25,PASSED (ALLOCATED),CLEAN
trace_0765,DECAY,FLAT,64,ALIGNED,0.25,PASSED (ALLOCATED),CLEAN
trace_0766,REACCELERATION,FLAT,58,NEUTRAL,0.92,VETOED (NEUTRALIZED),False Reacceleration Trap (CVD Convergence)
trace_0767,DECAY,DIVERGENT,37,ALIGNED,0.25,PASSED (ALLOCATED),CLEAN
trace_0768,REACCELERATION,EXPANDING,34,ALIGNED,0.92,VETOED (NEUTRALIZED),False Reacceleration Trap (CVD Convergence)
trace_0769,EXPANDING,FLAT,85,NEUTRAL,0.88,VETOED (NEUTRALIZED),Anti-Delta Pressure Overload
trace_0770,REACCELERATION,FLAT,93,ALIGNED,0.92,VETOED (NEUTRALIZED),False Reacceleration Trap (CVD Convergence)
trace_0771,REACCELERATION,FLAT,88,ALIGNED,0.92,VETOED (NEUTRALIZED),False Reacceleration Trap (CVD Convergence)
trace_0772,DECAY,DIVERGENT,42,LIQUIDATION_WARNING,0.95,VETOED (NEUTRALIZED),RTS Liquidation Cascade Warning
trace_0773,DECAY,EXPANDING,37,ALIGNED,0.25,PASSED (ALLOCATED),CLEAN
trace_0774,EXPANDING,FLAT,26,NEUTRAL,0.25,PASSED (ALLOCATED),CLEAN
trace_0775,REACCELERATION,EXPANDING,44,ALIGNED,0.92,VETOED (NEUTRALIZED),False Reacceleration Trap (CVD Convergence)
trace_0776,REACCELERATION,DIVERGENT,83,ALIGNED,0.88,VETOED (NEUTRALIZED),Anti-Delta Pressure Overload
trace_0777,REACCELERATION,DIVERGENT,76,ALIGNED,0.25,PASSED (ALLOCATED),CLEAN
trace_0778,REACCELERATION,EXPANDING,23,ALIGNED,0.92,VETOED (NEUTRALIZED),False Reacceleration Trap (CVD Convergence)
trace_0779,EXPANDING,FLAT,48,ALIGNED,0.25,PASSED (ALLOCATED),CLEAN
trace_0780,DECAY,FLAT,78,ALIGNED,0.25,PASSED (ALLOCATED),CLEAN
trace_0781,DECAY,DIVERGENT,83,NEUTRAL,0.88,VETOED (NEUTRALIZED),Anti-Delta Pressure Overload
trace_0782,DECAY,DIVERGENT,34,ALIGNED,0.25,PASSED (ALLOCATED),CLEAN
trace_0783,REACCELERATION,DIVERGENT,66,NEUTRAL,0.25,PASSED (ALLOCATED),CLEAN
trace_0784,DECAY,EXPANDING,76,NEUTRAL,0.25,PASSED (ALLOCATED),CLEAN
trace_0785,DECAY,EXPANDING,33,LIQUIDATION_WARNING,0.95,VETOED (NEUTRALIZED),RTS Liquidation Cascade Warning
trace_0786,DECAY,DIVERGENT,58,NEUTRAL,0.25,PASSED (ALLOCATED),CLEAN
trace_0787,EXPANDING,FLAT,31,ALIGNED,0.25,PASSED (ALLOCATED),CLEAN
trace_0788,REACCELERATION,EXPANDING,50,NEUTRAL,0.92,VETOED (NEUTRALIZED),False Reacceleration Trap (CVD Convergence)
trace_0789,EXPANDING,DIVERGENT,64,ALIGNED,0.25,PASSED (ALLOCATED),CLEAN
trace_0790,DECAY,DIVERGENT,41,NEUTRAL,0.25,PASSED (ALLOCATED),CLEAN
trace_0791,DECAY,EXPANDING,46,NEUTRAL,0.25,PASSED (ALLOCATED),CLEAN
trace_0792,EXPANDING,DIVERGENT,55,ALIGNED,0.25,PASSED (ALLOCATED),CLEAN
trace_0793,DECAY,DIVERGENT,57,ALIGNED,0.25,PASSED (ALLOCATED),CLEAN
trace_0794,REACCELERATION,DIVERGENT,85,ALIGNED,0.88,VETOED (NEUTRALIZED),Anti-Delta Pressure Overload
trace_0795,DECAY,EXPANDING,72,ALIGNED,0.25,PASSED (ALLOCATED),CLEAN
trace_0796,EXPANDING,FLAT,36,LIQUIDATION_WARNING,0.95,VETOED (NEUTRALIZED),RTS Liquidation Cascade Warning
trace_0797,DECAY,EXPANDING,61,ALIGNED,0.25,PASSED (ALLOCATED),CLEAN
trace_0798,EXPANDING,DIVERGENT,38,ALIGNED,0.25,PASSED (ALLOCATED),CLEAN
trace_0799,DECAY,DIVERGENT,73,ALIGNED,0.25,PASSED (ALLOCATED),CLEAN
trace_0800,REACCELERATION,FLAT,31,ALIGNED,0.92,VETOED (NEUTRALIZED),False Reacceleration Trap (CVD Convergence)
trace_0801,REACCELERATION,DIVERGENT,67,NEUTRAL,0.25,PASSED (ALLOCATED),CLEAN
trace_0802,REACCELERATION,FLAT,20,ALIGNED,0.92,VETOED (NEUTRALIZED),False Reacceleration Trap (CVD Convergence)
trace_0803,DECAY,EXPANDING,78,NEUTRAL,0.25,PASSED (ALLOCATED),CLEAN
trace_0804,DECAY,DIVERGENT,28,NEUTRAL,0.25,PASSED (ALLOCATED),CLEAN
trace_0805,DECAY,FLAT,74,ALIGNED,0.25,PASSED (ALLOCATED),CLEAN
trace_0806,EXPANDING,FLAT,56,ALIGNED,0.25,PASSED (ALLOCATED),CLEAN
trace_0807,REACCELERATION,DIVERGENT,92,ALIGNED,0.88,VETOED (NEUTRALIZED),Anti-Delta Pressure Overload
trace_0808,REACCELERATION,FLAT,26,LIQUIDATION_WARNING,0.92,VETOED (NEUTRALIZED),False Reacceleration Trap (CVD Convergence)
trace_0809,EXPANDING,EXPANDING,78,NEUTRAL,0.25,PASSED (ALLOCATED),CLEAN
trace_0810,EXPANDING,EXPANDING,40,LIQUIDATION_WARNING,0.95,VETOED (NEUTRALIZED),RTS Liquidation Cascade Warning
trace_0811,REACCELERATION,FLAT,74,ALIGNED,0.92,VETOED (NEUTRALIZED),False Reacceleration Trap (CVD Convergence)
trace_0812,EXPANDING,DIVERGENT,58,LIQUIDATION_WARNING,0.95,VETOED (NEUTRALIZED),RTS Liquidation Cascade Warning
trace_0813,EXPANDING,FLAT,66,ALIGNED,0.25,PASSED (ALLOCATED),CLEAN
trace_0814,REACCELERATION,EXPANDING,41,ALIGNED,0.92,VETOED (NEUTRALIZED),False Reacceleration Trap (CVD Convergence)
trace_0815,EXPANDING,FLAT,49,NEUTRAL,0.25,PASSED (ALLOCATED),CLEAN
trace_0816,REACCELERATION,DIVERGENT,32,ALIGNED,0.25,PASSED (ALLOCATED),CLEAN
trace_0817,EXPANDING,EXPANDING,36,ALIGNED,0.25,PASSED (ALLOCATED),CLEAN
trace_0818,DECAY,EXPANDING,76,ALIGNED,0.25,PASSED (ALLOCATED),CLEAN
trace_0819,EXPANDING,EXPANDING,35,NEUTRAL,0.25,PASSED (ALLOCATED),CLEAN
trace_0820,REACCELERATION,DIVERGENT,29,ALIGNED,0.25,PASSED (ALLOCATED),CLEAN
trace_0821,EXPANDING,FLAT,33,ALIGNED,0.25,PASSED (ALLOCATED),CLEAN
trace_0822,EXPANDING,FLAT,58,ALIGNED,0.25,PASSED (ALLOCATED),CLEAN
trace_0823,EXPANDING,FLAT,37,NEUTRAL,0.25,PASSED (ALLOCATED),CLEAN
trace_0824,DECAY,DIVERGENT,87,ALIGNED,0.88,VETOED (NEUTRALIZED),Anti-Delta Pressure Overload
trace_0825,DECAY,EXPANDING,41,NEUTRAL,0.25,PASSED (ALLOCATED),CLEAN
trace_0826,REACCELERATION,FLAT,39,NEUTRAL,0.92,VETOED (NEUTRALIZED),False Reacceleration Trap (CVD Convergence)
trace_0827,REACCELERATION,DIVERGENT,47,NEUTRAL,0.25,PASSED (ALLOCATED),CLEAN
trace_0828,EXPANDING,EXPANDING,35,ALIGNED,0.25,PASSED (ALLOCATED),CLEAN
trace_0829,DECAY,DIVERGENT,74,ALIGNED,0.25,PASSED (ALLOCATED),CLEAN
trace_0830,REACCELERATION,EXPANDING,30,ALIGNED,0.92,VETOED (NEUTRALIZED),False Reacceleration Trap (CVD Convergence)
trace_0831,EXPANDING,DIVERGENT,56,NEUTRAL,0.25,PASSED (ALLOCATED),CLEAN
trace_0832,DECAY,EXPANDING,58,NEUTRAL,0.25,PASSED (ALLOCATED),CLEAN
trace_0833,EXPANDING,DIVERGENT,44,NEUTRAL,0.25,PASSED (ALLOCATED),CLEAN
trace_0834,DECAY,FLAT,26,ALIGNED,0.25,PASSED (ALLOCATED),CLEAN
trace_0835,EXPANDING,FLAT,50,ALIGNED,0.25,PASSED (ALLOCATED),CLEAN
trace_0836,REACCELERATION,DIVERGENT,87,ALIGNED,0.88,VETOED (NEUTRALIZED),Anti-Delta Pressure Overload
trace_0837,EXPANDING,FLAT,36,LIQUIDATION_WARNING,0.95,VETOED (NEUTRALIZED),RTS Liquidation Cascade Warning
trace_0838,REACCELERATION,DIVERGENT,89,ALIGNED,0.88,VETOED (NEUTRALIZED),Anti-Delta Pressure Overload
trace_0839,DECAY,EXPANDING,29,NEUTRAL,0.25,PASSED (ALLOCATED),CLEAN
trace_0840,EXPANDING,DIVERGENT,53,ALIGNED,0.25,PASSED (ALLOCATED),CLEAN
trace_0841,EXPANDING,EXPANDING,70,LIQUIDATION_WARNING,0.95,VETOED (NEUTRALIZED),RTS Liquidation Cascade Warning
trace_0842,DECAY,FLAT,84,NEUTRAL,0.88,VETOED (NEUTRALIZED),Anti-Delta Pressure Overload
trace_0843,REACCELERATION,FLAT,30,NEUTRAL,0.92,VETOED (NEUTRALIZED),False Reacceleration Trap (CVD Convergence)
trace_0844,DECAY,DIVERGENT,39,ALIGNED,0.25,PASSED (ALLOCATED),CLEAN
trace_0845,REACCELERATION,EXPANDING,85,ALIGNED,0.92,VETOED (NEUTRALIZED),False Reacceleration Trap (CVD Convergence)
trace_0846,EXPANDING,EXPANDING,70,ALIGNED,0.25,PASSED (ALLOCATED),CLEAN
trace_0847,DECAY,DIVERGENT,28,NEUTRAL,0.25,PASSED (ALLOCATED),CLEAN
trace_0848,REACCELERATION,DIVERGENT,50,ALIGNED,0.25,PASSED (ALLOCATED),CLEAN
trace_0849,EXPANDING,EXPANDING,75,ALIGNED,0.25,PASSED (ALLOCATED),CLEAN
trace_0850,EXPANDING,FLAT,27,NEUTRAL,0.25,PASSED (ALLOCATED),CLEAN
trace_0851,REACCELERATION,DIVERGENT,42,NEUTRAL,0.25,PASSED (ALLOCATED),CLEAN
trace_0852,EXPANDING,EXPANDING,21,NEUTRAL,0.25,PASSED (ALLOCATED),CLEAN
trace_0853,EXPANDING,FLAT,86,LIQUIDATION_WARNING,0.88,VETOED (NEUTRALIZED),Anti-Delta Pressure Overload
trace_0854,DECAY,DIVERGENT,67,ALIGNED,0.25,PASSED (ALLOCATED),CLEAN
trace_0855,EXPANDING,DIVERGENT,54,NEUTRAL,0.25,PASSED (ALLOCATED),CLEAN
trace_0856,DECAY,EXPANDING,23,NEUTRAL,0.25,PASSED (ALLOCATED),CLEAN
trace_0857,REACCELERATION,FLAT,28,ALIGNED,0.92,VETOED (NEUTRALIZED),False Reacceleration Trap (CVD Convergence)
trace_0858,REACCELERATION,DIVERGENT,29,LIQUIDATION_WARNING,0.95,VETOED (NEUTRALIZED),RTS Liquidation Cascade Warning
trace_0859,REACCELERATION,FLAT,27,ALIGNED,0.92,VETOED (NEUTRALIZED),False Reacceleration Trap (CVD Convergence)
trace_0860,REACCELERATION,DIVERGENT,40,ALIGNED,0.25,PASSED (ALLOCATED),CLEAN
trace_0861,REACCELERATION,EXPANDING,34,LIQUIDATION_WARNING,0.92,VETOED (NEUTRALIZED),False Reacceleration Trap (CVD Convergence)
trace_0862,EXPANDING,DIVERGENT,25,ALIGNED,0.25,PASSED (ALLOCATED),CLEAN
trace_0863,EXPANDING,EXPANDING,66,ALIGNED,0.25,PASSED (ALLOCATED),CLEAN
trace_0864,REACCELERATION,EXPANDING,24,ALIGNED,0.92,VETOED (NEUTRALIZED),False Reacceleration Trap (CVD Convergence)
trace_0865,DECAY,DIVERGENT,73,NEUTRAL,0.25,PASSED (ALLOCATED),CLEAN
trace_0866,EXPANDING,FLAT,60,ALIGNED,0.25,PASSED (ALLOCATED),CLEAN
trace_0867,REACCELERATION,EXPANDING,35,ALIGNED,0.92,VETOED (NEUTRALIZED),False Reacceleration Trap (CVD Convergence)
trace_0868,DECAY,DIVERGENT,42,LIQUIDATION_WARNING,0.95,VETOED (NEUTRALIZED),RTS Liquidation Cascade Warning
trace_0869,EXPANDING,DIVERGENT,71,LIQUIDATION_WARNING,0.95,VETOED (NEUTRALIZED),RTS Liquidation Cascade Warning
trace_0870,EXPANDING,FLAT,59,LIQUIDATION_WARNING,0.95,VETOED (NEUTRALIZED),RTS Liquidation Cascade Warning
trace_0871,REACCELERATION,EXPANDING,21,ALIGNED,0.92,VETOED (NEUTRALIZED),False Reacceleration Trap (CVD Convergence)
trace_0872,REACCELERATION,EXPANDING,58,ALIGNED,0.92,VETOED (NEUTRALIZED),False Reacceleration Trap (CVD Convergence)
trace_0873,DECAY,DIVERGENT,67,ALIGNED,0.25,PASSED (ALLOCATED),CLEAN
trace_0874,DECAY,FLAT,45,LIQUIDATION_WARNING,0.95,VETOED (NEUTRALIZED),RTS Liquidation Cascade Warning
trace_0875,DECAY,DIVERGENT,51,NEUTRAL,0.25,PASSED (ALLOCATED),CLEAN
trace_0876,EXPANDING,EXPANDING,23,LIQUIDATION_WARNING,0.95,VETOED (NEUTRALIZED),RTS Liquidation Cascade Warning
trace_0877,EXPANDING,DIVERGENT,21,ALIGNED,0.25,PASSED (ALLOCATED),CLEAN
trace_0878,REACCELERATION,EXPANDING,68,NEUTRAL,0.92,VETOED (NEUTRALIZED),False Reacceleration Trap (CVD Convergence)
trace_0879,DECAY,DIVERGENT,46,ALIGNED,0.25,PASSED (ALLOCATED),CLEAN
trace_0880,DECAY,EXPANDING,27,ALIGNED,0.25,PASSED (ALLOCATED),CLEAN
trace_0881,EXPANDING,DIVERGENT,25,ALIGNED,0.25,PASSED (ALLOCATED),CLEAN
trace_0882,EXPANDING,DIVERGENT,67,ALIGNED,0.25,PASSED (ALLOCATED),CLEAN
trace_0883,REACCELERATION,DIVERGENT,32,ALIGNED,0.25,PASSED (ALLOCATED),CLEAN
trace_0884,DECAY,EXPANDING,70,NEUTRAL,0.25,PASSED (ALLOCATED),CLEAN
trace_0885,EXPANDING,DIVERGENT,75,ALIGNED,0.25,PASSED (ALLOCATED),CLEAN
trace_0886,DECAY,EXPANDING,53,ALIGNED,0.25,PASSED (ALLOCATED),CLEAN
trace_0887,REACCELERATION,FLAT,61,NEUTRAL,0.92,VETOED (NEUTRALIZED),False Reacceleration Trap (CVD Convergence)
trace_0888,REACCELERATION,FLAT,29,ALIGNED,0.92,VETOED (NEUTRALIZED),False Reacceleration Trap (CVD Convergence)
trace_0889,EXPANDING,EXPANDING,94,NEUTRAL,0.88,VETOED (NEUTRALIZED),Anti-Delta Pressure Overload
trace_0890,EXPANDING,EXPANDING,77,ALIGNED,0.25,PASSED (ALLOCATED),CLEAN
trace_0891,REACCELERATION,FLAT,88,ALIGNED,0.92,VETOED (NEUTRALIZED),False Reacceleration Trap (CVD Convergence)
trace_0892,REACCELERATION,EXPANDING,79,ALIGNED,0.92,VETOED (NEUTRALIZED),False Reacceleration Trap (CVD Convergence)
trace_0893,REACCELERATION,EXPANDING,58,ALIGNED,0.92,VETOED (NEUTRALIZED),False Reacceleration Trap (CVD Convergence)
trace_0894,DECAY,DIVERGENT,47,NEUTRAL,0.25,PASSED (ALLOCATED),CLEAN
trace_0895,REACCELERATION,EXPANDING,51,ALIGNED,0.92,VETOED (NEUTRALIZED),False Reacceleration Trap (CVD Convergence)
trace_0896,REACCELERATION,FLAT,58,ALIGNED,0.92,VETOED (NEUTRALIZED),False Reacceleration Trap (CVD Convergence)
trace_0897,REACCELERATION,EXPANDING,71,ALIGNED,0.92,VETOED (NEUTRALIZED),False Reacceleration Trap (CVD Convergence)
trace_0898,REACCELERATION,DIVERGENT,51,NEUTRAL,0.25,PASSED (ALLOCATED),CLEAN
trace_0899,EXPANDING,FLAT,37,ALIGNED,0.25,PASSED (ALLOCATED),CLEAN
trace_0900,EXPANDING,EXPANDING,48,ALIGNED,0.25,PASSED (ALLOCATED),CLEAN
trace_0901,EXPANDING,EXPANDING,67,NEUTRAL,0.25,PASSED (ALLOCATED),CLEAN
trace_0902,DECAY,DIVERGENT,30,LIQUIDATION_WARNING,0.95,VETOED (NEUTRALIZED),RTS Liquidation Cascade Warning
trace_0903,DECAY,DIVERGENT,29,ALIGNED,0.25,PASSED (ALLOCATED),CLEAN
trace_0904,EXPANDING,EXPANDING,76,ALIGNED,0.25,PASSED (ALLOCATED),CLEAN
trace_0905,EXPANDING,EXPANDING,62,LIQUIDATION_WARNING,0.95,VETOED (NEUTRALIZED),RTS Liquidation Cascade Warning
trace_0906,EXPANDING,EXPANDING,26,LIQUIDATION_WARNING,0.95,VETOED (NEUTRALIZED),RTS Liquidation Cascade Warning
trace_0907,EXPANDING,DIVERGENT,70,ALIGNED,0.25,PASSED (ALLOCATED),CLEAN
trace_0908,REACCELERATION,EXPANDING,74,ALIGNED,0.92,VETOED (NEUTRALIZED),False Reacceleration Trap (CVD Convergence)
trace_0909,EXPANDING,FLAT,43,ALIGNED,0.25,PASSED (ALLOCATED),CLEAN
trace_0910,REACCELERATION,FLAT,39,ALIGNED,0.92,VETOED (NEUTRALIZED),False Reacceleration Trap (CVD Convergence)
trace_0911,EXPANDING,DIVERGENT,51,NEUTRAL,0.25,PASSED (ALLOCATED),CLEAN
trace_0912,DECAY,FLAT,90,ALIGNED,0.88,VETOED (NEUTRALIZED),Anti-Delta Pressure Overload
trace_0913,REACCELERATION,EXPANDING,69,ALIGNED,0.92,VETOED (NEUTRALIZED),False Reacceleration Trap (CVD Convergence)
trace_0914,EXPANDING,FLAT,87,ALIGNED,0.88,VETOED (NEUTRALIZED),Anti-Delta Pressure Overload
trace_0915,EXPANDING,DIVERGENT,89,LIQUIDATION_WARNING,0.88,VETOED (NEUTRALIZED),Anti-Delta Pressure Overload
trace_0916,EXPANDING,FLAT,65,NEUTRAL,0.25,PASSED (ALLOCATED),CLEAN
trace_0917,REACCELERATION,DIVERGENT,64,NEUTRAL,0.25,PASSED (ALLOCATED),CLEAN
trace_0918,DECAY,DIVERGENT,54,ALIGNED,0.25,PASSED (ALLOCATED),CLEAN
trace_0919,EXPANDING,EXPANDING,48,ALIGNED,0.25,PASSED (ALLOCATED),CLEAN
trace_0920,EXPANDING,FLAT,80,ALIGNED,0.25,PASSED (ALLOCATED),CLEAN
trace_0921,DECAY,FLAT,49,NEUTRAL,0.25,PASSED (ALLOCATED),CLEAN
trace_0922,EXPANDING,EXPANDING,50,ALIGNED,0.25,PASSED (ALLOCATED),CLEAN
trace_0923,REACCELERATION,DIVERGENT,27,NEUTRAL,0.25,PASSED (ALLOCATED),CLEAN
trace_0924,EXPANDING,DIVERGENT,69,NEUTRAL,0.25,PASSED (ALLOCATED),CLEAN
trace_0925,REACCELERATION,EXPANDING,95,ALIGNED,0.92,VETOED (NEUTRALIZED),False Reacceleration Trap (CVD Convergence)
trace_0926,REACCELERATION,DIVERGENT,95,NEUTRAL,0.88,VETOED (NEUTRALIZED),Anti-Delta Pressure Overload
trace_0927,EXPANDING,DIVERGENT,92,NEUTRAL,0.88,VETOED (NEUTRALIZED),Anti-Delta Pressure Overload
trace_0928,DECAY,EXPANDING,44,ALIGNED,0.25,PASSED (ALLOCATED),CLEAN
trace_0929,REACCELERATION,DIVERGENT,82,ALIGNED,0.88,VETOED (NEUTRALIZED),Anti-Delta Pressure Overload
trace_0930,EXPANDING,EXPANDING,48,ALIGNED,0.25,PASSED (ALLOCATED),CLEAN
trace_0931,EXPANDING,DIVERGENT,62,ALIGNED,0.25,PASSED (ALLOCATED),CLEAN
trace_0932,DECAY,EXPANDING,63,NEUTRAL,0.25,PASSED (ALLOCATED),CLEAN
trace_0933,DECAY,EXPANDING,61,LIQUIDATION_WARNING,0.95,VETOED (NEUTRALIZED),RTS Liquidation Cascade Warning
trace_0934,EXPANDING,EXPANDING,38,ALIGNED,0.25,PASSED (ALLOCATED),CLEAN
trace_0935,EXPANDING,DIVERGENT,29,LIQUIDATION_WARNING,0.95,VETOED (NEUTRALIZED),RTS Liquidation Cascade Warning
trace_0936,REACCELERATION,DIVERGENT,70,LIQUIDATION_WARNING,0.95,VETOED (NEUTRALIZED),RTS Liquidation Cascade Warning
trace_0937,DECAY,EXPANDING,61,ALIGNED,0.25,PASSED (ALLOCATED),CLEAN
trace_0938,EXPANDING,EXPANDING,75,NEUTRAL,0.25,PASSED (ALLOCATED),CLEAN
trace_0939,DECAY,FLAT,42,NEUTRAL,0.25,PASSED (ALLOCATED),CLEAN
trace_0940,DECAY,DIVERGENT,65,NEUTRAL,0.25,PASSED (ALLOCATED),CLEAN
trace_0941,EXPANDING,DIVERGENT,42,ALIGNED,0.25,PASSED (ALLOCATED),CLEAN
trace_0942,REACCELERATION,FLAT,57,NEUTRAL,0.92,VETOED (NEUTRALIZED),False Reacceleration Trap (CVD Convergence)
trace_0943,EXPANDING,EXPANDING,93,NEUTRAL,0.88,VETOED (NEUTRALIZED),Anti-Delta Pressure Overload
trace_0944,REACCELERATION,DIVERGENT,60,ALIGNED,0.25,PASSED (ALLOCATED),CLEAN
trace_0945,DECAY,EXPANDING,33,NEUTRAL,0.25,PASSED (ALLOCATED),CLEAN
trace_0946,REACCELERATION,EXPANDING,29,ALIGNED,0.92,VETOED (NEUTRALIZED),False Reacceleration Trap (CVD Convergence)
trace_0947,EXPANDING,FLAT,41,LIQUIDATION_WARNING,0.95,VETOED (NEUTRALIZED),RTS Liquidation Cascade Warning
trace_0948,DECAY,EXPANDING,62,NEUTRAL,0.25,PASSED (ALLOCATED),CLEAN
trace_0949,REACCELERATION,EXPANDING,51,ALIGNED,0.92,VETOED (NEUTRALIZED),False Reacceleration Trap (CVD Convergence)
trace_0950,DECAY,EXPANDING,33,ALIGNED,0.25,PASSED (ALLOCATED),CLEAN
trace_0951,DECAY,EXPANDING,76,ALIGNED,0.25,PASSED (ALLOCATED),CLEAN
trace_0952,DECAY,FLAT,72,LIQUIDATION_WARNING,0.95,VETOED (NEUTRALIZED),RTS Liquidation Cascade Warning
trace_0953,REACCELERATION,FLAT,68,ALIGNED,0.92,VETOED (NEUTRALIZED),False Reacceleration Trap (CVD Convergence)
trace_0954,EXPANDING,FLAT,93,NEUTRAL,0.88,VETOED (NEUTRALIZED),Anti-Delta Pressure Overload
trace_0955,DECAY,DIVERGENT,77,ALIGNED,0.25,PASSED (ALLOCATED),CLEAN
trace_0956,EXPANDING,EXPANDING,60,ALIGNED,0.25,PASSED (ALLOCATED),CLEAN
trace_0957,REACCELERATION,EXPANDING,41,ALIGNED,0.92,VETOED (NEUTRALIZED),False Reacceleration Trap (CVD Convergence)
trace_0958,REACCELERATION,EXPANDING,90,NEUTRAL,0.92,VETOED (NEUTRALIZED),False Reacceleration Trap (CVD Convergence)
trace_0959,EXPANDING,FLAT,81,ALIGNED,0.88,VETOED (NEUTRALIZED),Anti-Delta Pressure Overload
trace_0960,DECAY,EXPANDING,41,ALIGNED,0.25,PASSED (ALLOCATED),CLEAN
trace_0961,DECAY,FLAT,32,ALIGNED,0.25,PASSED (ALLOCATED),CLEAN
trace_0962,REACCELERATION,EXPANDING,72,LIQUIDATION_WARNING,0.92,VETOED (NEUTRALIZED),False Reacceleration Trap (CVD Convergence)
trace_0963,DECAY,DIVERGENT,89,NEUTRAL,0.88,VETOED (NEUTRALIZED),Anti-Delta Pressure Overload
trace_0964,REACCELERATION,DIVERGENT,50,ALIGNED,0.25,PASSED (ALLOCATED),CLEAN
trace_0965,EXPANDING,EXPANDING,90,ALIGNED,0.88,VETOED (NEUTRALIZED),Anti-Delta Pressure Overload
trace_0966,REACCELERATION,EXPANDING,20,ALIGNED,0.92,VETOED (NEUTRALIZED),False Reacceleration Trap (CVD Convergence)
trace_0967,REACCELERATION,EXPANDING,81,ALIGNED,0.92,VETOED (NEUTRALIZED),False Reacceleration Trap (CVD Convergence)
trace_0968,EXPANDING,EXPANDING,41,ALIGNED,0.25,PASSED (ALLOCATED),CLEAN
trace_0969,DECAY,FLAT,80,LIQUIDATION_WARNING,0.95,VETOED (NEUTRALIZED),RTS Liquidation Cascade Warning
trace_0970,EXPANDING,FLAT,80,NEUTRAL,0.25,PASSED (ALLOCATED),CLEAN
trace_0971,REACCELERATION,DIVERGENT,89,ALIGNED,0.88,VETOED (NEUTRALIZED),Anti-Delta Pressure Overload
trace_0972,REACCELERATION,EXPANDING,68,ALIGNED,0.92,VETOED (NEUTRALIZED),False Reacceleration Trap (CVD Convergence)
trace_0973,REACCELERATION,EXPANDING,53,ALIGNED,0.92,VETOED (NEUTRALIZED),False Reacceleration Trap (CVD Convergence)
trace_0974,REACCELERATION,FLAT,54,ALIGNED,0.92,VETOED (NEUTRALIZED),False Reacceleration Trap (CVD Convergence)
trace_0975,DECAY,EXPANDING,32,ALIGNED,0.25,PASSED (ALLOCATED),CLEAN
trace_0976,EXPANDING,DIVERGENT,89,ALIGNED,0.88,VETOED (NEUTRALIZED),Anti-Delta Pressure Overload
trace_0977,REACCELERATION,DIVERGENT,27,ALIGNED,0.25,PASSED (ALLOCATED),CLEAN
trace_0978,REACCELERATION,DIVERGENT,88,ALIGNED,0.88,VETOED (NEUTRALIZED),Anti-Delta Pressure Overload
trace_0979,DECAY,FLAT,50,ALIGNED,0.25,PASSED (ALLOCATED),CLEAN
trace_0980,REACCELERATION,FLAT,24,ALIGNED,0.92,VETOED (NEUTRALIZED),False Reacceleration Trap (CVD Convergence)
trace_0981,DECAY,DIVERGENT,93,LIQUIDATION_WARNING,0.88,VETOED (NEUTRALIZED),Anti-Delta Pressure Overload
trace_0982,DECAY,DIVERGENT,77,ALIGNED,0.25,PASSED (ALLOCATED),CLEAN
trace_0983,EXPANDING,EXPANDING,44,LIQUIDATION_WARNING,0.95,VETOED (NEUTRALIZED),RTS Liquidation Cascade Warning
trace_0984,EXPANDING,EXPANDING,75,ALIGNED,0.25,PASSED (ALLOCATED),CLEAN
trace_0985,EXPANDING,DIVERGENT,53,ALIGNED,0.25,PASSED (ALLOCATED),CLEAN
trace_0986,REACCELERATION,DIVERGENT,28,LIQUIDATION_WARNING,0.95,VETOED (NEUTRALIZED),RTS Liquidation Cascade Warning
trace_0987,EXPANDING,FLAT,90,ALIGNED,0.88,VETOED (NEUTRALIZED),Anti-Delta Pressure Overload
trace_0988,REACCELERATION,FLAT,21,ALIGNED,0.92,VETOED (NEUTRALIZED),False Reacceleration Trap (CVD Convergence)
trace_0989,DECAY,DIVERGENT,73,ALIGNED,0.25,PASSED (ALLOCATED),CLEAN
trace_0990,EXPANDING,FLAT,92,ALIGNED,0.88,VETOED (NEUTRALIZED),Anti-Delta Pressure Overload
trace_0991,DECAY,DIVERGENT,32,NEUTRAL,0.25,PASSED (ALLOCATED),CLEAN
trace_0992,EXPANDING,DIVERGENT,56,NEUTRAL,0.25,PASSED (ALLOCATED),CLEAN
trace_0993,DECAY,FLAT,53,LIQUIDATION_WARNING,0.95,VETOED (NEUTRALIZED),RTS Liquidation Cascade Warning
trace_0994,REACCELERATION,DIVERGENT,80,ALIGNED,0.25,PASSED (ALLOCATED),CLEAN
trace_0995,EXPANDING,EXPANDING,38,ALIGNED,0.25,PASSED (ALLOCATED),CLEAN
trace_0996,DECAY,DIVERGENT,71,NEUTRAL,0.25,PASSED (ALLOCATED),CLEAN
trace_0997,EXPANDING,FLAT,62,LIQUIDATION_WARNING,0.95,VETOED (NEUTRALIZED),RTS Liquidation Cascade Warning
trace_0998,DECAY,EXPANDING,80,ALIGNED,0.25,PASSED (ALLOCATED),CLEAN
trace_0999,REACCELERATION,FLAT,58,ALIGNED,0.92,VETOED (NEUTRALIZED),False Reacceleration Trap (CVD Convergence)
trace_1000,REACCELERATION,FLAT,32,NEUTRAL,0.92,VETOED (NEUTRALIZED),False Reacceleration Trap (CVD Convergence)
